country,production2,reserve2,africa,part,part2,part3,partner,partner2,aid2,prod2,prod2.2,GDP2,polity2,GDPpc2,growth2,FDI2,dom2,usally2,pop2,trade.de2,lntrade2,lnexport2,lnimport2,taiwan2,lnaid2,totalPresPremvisits.x,totalPresPremDays.x,totalPresPremvisits.y,totalPresPremDays.y
Afghanistan,0,0,0,0,0,0,0,0,0,0,NA,21.6241,-7,4.765669,NA,3.536606,8.080265,0,19541900,0.004756032,16.96812,16.88074,13.58823,0,0,0,0,0,0
Albania,6.361,11.00584,0,0,0,0,0,0,0,7.759133,NA,21.87802,5,6.928916,5.255824,18.15212,5.388344,0,3106958,0.007137139,17.0156,16.18724,#NAME?,0,0,0,0,0,0
Algeria,1349,15.02686,1,0,0,0,0,0,16911681,13.01292,13.20993,24.6514,-3,7.410097,3.245616,19.87431,7.884541,0,30752799,0.03514183,18.98769,18.83916,14.93592,0,9.73576,1,3,2,5
Angola,896.3699,14.49628,1,0,0,0,0,0,443625304,12.50177,12.50787,22.74654,-3,6.159719,5.035521,20.87509,6.152328,0,15993451,0.1373071,20.17503,17.23704,20.098,0,13.00274,1,1,0,0
Argentina,799.147,13.79151,0,1,0,0,1,0,0,12.59539,12.669,26.37737,7.6,8.960558,0.675586,22.82237,5.809159,1,36650518,0.2635199,21.03217,20.10056,20.52252,0,0,1,3,1,4
Armenia,0,0,0,0,0,0,0,0,0,0,NA,21.35212,2.8,6.408419,5.875544,18.42444,3.097115,0,3090206,0.000995221,15.11109,14.24953,12.35499,0,0,0,0,0,0
Australia,625.9671,13.6806,0,0,0,0,0,0,0,12.30668,12.44963,26.72314,10,9.966279,3.838497,22.74063,0,1,18944000,1.284151,22.61664,21.73734,22.07763,0,0,3,12,2,10
Austria,18.58082,10.341,0,0,0,0,0,0,0,8.84524,NA,26.05987,10,10.16515,2.81478,22.22735,1.185385,0,7998203,0.1404209,20.37954,19.36811,19.91262,0,0,0,0,2,8
Azerbaijan,310.2575,12.97147,0,0,0,0,0,0,0,11.41054,11.42385,22.28233,-6.8,6.390112,8.84,20.16707,1.104292,0,7978760,0.001474785,15.35216,14.55064,14.16712,0,0,0,0,0,0
Bahrain,36.8,11.05296,0,0,0,0,0,0,0,9.53921,NA,22.71512,-8.8,9.345208,3.994806,19.29287,0,0,641468,0.01532653,18.14865,17.40156,17.47859,0,0,0,0,0,0
Bangladesh,6,9.002186,0,0,0,0,0,0,0,6.569167,NA,24.6615,6,5.986541,4.941532,18.89055,4.056661,0,129004140,0.1542735,20.50062,20.46728,16.93479,0,0,1,2,1,3
Belarus,36.50685,11.18816,0,0,0,0,0,0,0,9.502424,NA,23.30844,-7,7.187948,6.745061,19.13795,1.215987,0,10024179,0.008811387,17.48839,16.26529,17.11368,0,0,1,2,1,2
Belgium,0,0,0,0,0,0,0,0,0,0,NA,26.24496,10,10.10416,2.738858,NA,2.069955,1,10229698,0.5848306,21.82976,21.35803,20.8484,0,0,1,2,2,5
Benin,0.8,8.256948,1,0,0,0,0,0,17827482,5.809876,NA,21.65049,6,5.93799,5.245511,10.46398,0,0,6671737,0.04753507,19.23351,19.20997,14.1385,0,9.788496,0,0,0,0
Bhutan,0,0,0,0,0,0,0,0,0,0,NA,19.84024,-10,6.608352,6.881728,0.2028634,0,0,558293.6,0.000204714,13.90925,13.38107,9.903488,0,0,0,0,0,0
Bolivia,32.16438,11.00225,0,0,0,0,0,0,0,9.366095,NA,22.83313,9,6.915905,2.920412,20.52126,6.355809,1,8183142,0.001920212,16.06298,15.52479,14.4621,0,0,0,0,0,0
Botswana,0,0,1,0,0,0,0,0,0,0,NA,22.3914,8,8.046693,4.130811,17.86256,0,0,1698079,0.001407008,15.69611,15.92471,#NAME?,0,0,0,0,0,0
Brazil,1455.192,14.64481,0,0,1,0,1,1,0,12.89085,12.91096,27.27383,8,8.306964,1.940977,24.01032,5.976791,1,172702661,0.4986159,21.66312,20.82659,21.08844,0,0,1,6,1,2
Bulgaria,0.74,8.607948,0,0,0,0,0,0,0,5.571253,NA,23.30846,8.2,7.389895,1.209795,20.38121,2.459137,0,8191758,0.01708197,18.24145,18.08508,16.1868,0,0,0,0,1,3
Burkina Faso,0,0,1,0,0,0,0,0,0,0,NA,21.72803,-3,5.489055,5.892475,16.05403,0,0,11293900,0.0010697,15.15491,14.79483,13.95805,1,0,NA,NA,NA,NA
Burundi,0,0,1,0,0,0,0,0,90986285,0,NA,20.59865,-1.6,4.941826,0.6697886,7.685073,7.923389,0,6306785,0.000478465,14.66879,14.13784,#NAME?,0,11.41846,0,0,0,0
Cambodia,0,0,0,0,0,0,0,0,0,0,NA,21.98531,0.2,5.696635,7.890888,19.0189,4.453417,0,11866416,0.03412246,18.98494,18.64198,17.68338,0,0,1,2,2,5
Cameroon,69.81918,11.89136,1,0,0,0,0,0,60472854,10.49927,NA,23.00233,-4,6.48573,4.59193,4.684398,0,0,14905409,0.02388532,18.60127,16.80792,18.40532,0,11.00995,1,2,1,3
Canada,2170.6,14.38856,0,1,0,0,1,0,0,13.48198,13.78539,27.25481,10,10.02109,4.055658,23.99309,1.215987,1,30517180,1.024628,22.38916,21.65251,21.73598,0,0,3,8,2,9
Central African Republic,0,0,1,0,0,0,0,0,2270249,0,NA,20.67167,5,5.554879,3.115072,14.95703,5.487481,0,3675678,0.000269965,14.05217,13.4661,12.46479,0,7.727645,0,0,0,0
Chad,0,NA,1,0,0,0,0,0,0,0,NA,21.17959,-2,5.278485,4.540115,18.00452,0.9656627,0,8059985,0.000238076,13.51359,12.7712,10.90206,1,0,0,0,0,0
Chile,6,11.04916,0,0,0,0,0,0,0,7.885914,NA,25.07942,8.4,8.551129,3.994072,22.39942,2.428307,1,15073453,0.2786253,21.07508,20.32251,20.4039,0,0,1,2,1,3
Colombia,576.9397,13.73399,0,0,0,0,0,0,0,12.45114,12.46441,25.30461,7,7.804987,1.178791,21.72128,8.908747,1,39818324,0.02638478,18.69946,18.57599,16.42827,0,0,0,0,0,0
Comoros,0,0,1,0,0,0,0,0,4544741,0,NA,19.18476,1,6.00688,4.083628,12.13424,4.738813,0,528886.2,5.88E-05,12.67843,12.59649,#NAME?,0,8.421726,0,0,0,0
Congo Brazzaville,249.2027,13.21705,1,0,0,0,0,0,739547631,11.47742,11.41681,21.63593,-5.8,6.6777,2.381825,3.694649,3.196867,0,3137760,0.03273732,18.85207,16.90941,18.58199,0,13.51379,1,2,0,0
Congo Kinshasa,22.66575,11.13101,1,0,0,0,0,0,44926384,9.130465,NA,22.75116,0,5.107449,-4.104488,10.6711,6.381246,0,46008013,0.0058588,17.09327,16.96221,14.50651,0,10.71278,0,0,0,0
Costa Rica,0,0,0,0,0,0,0,0,0,0,NA,23.37647,10,8.214808,4.739,20.19066,0.9656627,1,3844212,0.0121214,17.89689,17.70255,15.95731,1,0,1,2,0,0
Croatia,22,10.23258,0,0,0,0,0,0,0,9.170183,NA,23.88077,1.4,8.561583,2.954751,20.67075,1.931325,0,4498600,0.01165109,17.7448,17.57126,15.11496,0,0,0,0,0,0
Cuba,47.29589,11.31751,0,0,0,0,0,0,0,9.524689,NA,24.06368,-7,7.840787,3.646223,NA,1.104292,0,11105072,0.0577113,19.51069,19.1364,18.28881,0,0,2,5,1,3
Cyprus,0,0,0,0,0,0,0,0,0,0,NA,23.05111,10,9.612005,4.390955,20.3057,0,0,925902.8,0.01850318,18.33477,18.32362,13.57019,0,0,0,0,0,0
Czech Republic,5.34521,8.241431,0,0,0,0,0,0,0,7.181806,NA,24.88632,10,8.741506,1.558681,22.07121,1.104292,0.6,10270806,0.07360244,19.74841,19.59156,17.76402,0,0,1,2,0,0
Denmark,370.7616,12.78427,0,0,0,0,0,0,0,11.57182,11.57138,25.86719,10,10.37986,2.59942,23.03559,1.148601,1,5321882,0.2002891,20.75147,20.20139,19.88682,0,0,0,0,1,2
Djibouti,0,0,1,0,0,0,0,0,27390210,0,NA,20.09731,-1.2,6.641447,0.7992982,14.98849,2.933453,0,698391.8,0.006852723,17.32353,17.3219,#NAME?,0,10.21794,0,0,0,0
East Timor,NA,NA,0,0,0,0,0,0,0,NA,NA,NA,NA,NA,NA,NA,NA,NA,NA,NA,NA,NA,NA,NA,0,0,0,0,0
Ecuador,392.529,13.55671,0,0,0,0,0,0,0,11.862,11.87996,23.8739,7.6,7.541544,1.592488,12.88175,7.219138,1,12393784,0.02868603,18.80743,18.06787,18.01161,0,0,0,0,0,0
Egypt,715.417,14.02087,1,0,1,0,1,1,429136435,12.58962,12.60627,25.22234,-6,7.178034,4.907242,20.63489,1.148601,0,68657753,0.1411209,20.40693,20.32235,17.82422,0,12.96953,2,6,2,7
El Salvador,0,0,0,0,0,0,0,0,0,0,NA,23.24714,7,7.670209,3.061151,19.26461,0,1,5821047,0.01094242,17.83853,17.83509,#NAME?,1,0,NA,NA,NA,NA
Equatorial Guinea,212.5616,8.384804,1,0,0,0,0,0,33253317,10.5649,10.53128,20.35124,-5,7.063179,56.20102,19.1196,0,0,591066.4,0.03429011,18.87725,14.89263,18.85347,0,10.41191,0,0,0,0
Eritrea,0,0,1,0,0,0,0,0,35142395,0,NA,20.38835,-6.2,5.374856,3.061639,17.60782,0,0,3315552,0.000400258,14.39556,14.43203,9.903488,0,10.46716,0,0,0,0
Estonia,0,0,0,0,0,0,0,0,0,0,NA,22.45594,7.4,8.309542,6.391243,19.83259,0,0,1392207,0.01253305,17.26111,16.95746,15.45226,0,0,0,0,1,2
Ethiopia,0,5.055927,1,0,0,0,0,0,310678769,0,NA,22.81637,1,4.832128,3.842487,19.0625,0,0,64688049,0.01226133,17.95633,17.93532,13.84909,0,12.64651,1,2,1,2
Fiji,0,0,0,0,0,0,0,0,0,0,NA,21.31044,5.2,7.711862,1.64,9.711731,1.583871,0,805022,0.003897786,16.80284,16.73614,13.16744,0,0,1,2,0,0
Finland,0,0,0,0,0,0,0,0,0,0,NA,25.59158,10,10.13424,4.868019,22.43369,0,0,5164605,0.397975,21.40442,19.97626,21.11971,0,0,1,1,0,0
France,26.91781,10.68718,0,1,0,0,1,0,0,9.345645,NA,27.99793,9,10.07843,3.026049,24.32094,4.221003,1,60583556,1.297277,22.6295,21.84065,22.02161,0,0,2,8,2,7
Gabon,251.2,13.5989,1,0,0,0,0,0,18637453,11.68617,11.64688,22.31305,-4,8.314558,0.107169,-3.721132,0,0,1201540,0.05261384,19.39683,15.66248,19.36819,0,9.832928,1,3,0,0
Gambia,0,0,1,0,0,0,0,0,0,0,NA,20.47985,-5,6.485088,5.219999,17.08181,0,0,1197374,NA,NA,17.83777,NA,1,0,NA,NA,NA,NA
Georgia,1.48,9.455245,0,0,0,0,0,0,0,6.686965,NA,21.89464,5,6.58512,4.627399,18.82757,4.932618,0,4455220,0.001032341,15.43073,14.64104,14.63909,0,0,0,0,0,0
Germany,50.249,11.85005,0,0,0,0,0,0,0,9.74836,NA,28.37687,10,10.15283,2.094694,24.58143,1.931325,1,82148728,3.255421,23.54692,22.80779,22.8929,0,0,3,8,2,11
Ghana,7,8.703864,1,0,0,0,0,0,294744498,7.680388,NA,22.57585,2.8,5.843346,4.199349,18.74035,0,0,18496657,0.02376003,18.6183,18.51795,16.00568,0,12.59386,1,2,0,0
Greece,3.16164,8.238947,0,0,0,0,0,0,0,7.132459,NA,25.65906,10,9.467524,3.900617,9.863137,0,1,10762281,0.0925465,19.97354,19.87124,17.47636,0,0,1,3,1,4
Guatemala,17.99452,11.77841,0,0,0,0,0,0,0,8.928137,NA,23.65123,8,7.402899,3.829225,3.258193,5.517927,1,11396805,0.02168289,18.52857,18.51931,13.19146,1,0,NA,NA,NA,NA
Guinea,0,0,1,0,0,0,0,0,11627923,0,NA,21.92099,-1,5.947678,3.759827,16.35443,0,0,8654948,0.01146682,17.8551,17.47831,15.10195,0,9.361165,0,0,0,0
Guinea-Bissau,0,0,1,0,0,0,0,0,10962455,0,NA,19.46005,3.6,5.444183,-2.59171,14.28141,4.664408,0,1222235,0.000625823,14.93623,14.70757,12.72051,0.4,9.302232,0,0,0,0
Guyana,0,0,0,0,0,0,0,0,0,0,NA,20.38612,6,6.85052,1.672307,17.77463,2.854631,1,755860.8,0.00195325,16.10135,15.92176,#NAME?,0,0,0,0,0,0
Haiti,0,0,0,0,0,0,0,0,0,0,NA,22.04308,2.4,6.099241,1.484497,16.0613,7.504066,1,8403320,0.002147056,16.28371,16.23667,#NAME?,1,0,NA,NA,NA,NA
Honduras,0,0,0,0,0,0,0,0,0,0,NA,22.49413,6.6,6.829417,2.895422,19.10716,4.023717,1,6359095,0.01112668,17.86141,17.85337,#NAME?,1,0,NA,NA,NA,NA
Hungary,24.07397,10.6815,0,0,0,0,0,0,0,9.224482,NA,24.61729,10,8.475617,3.741236,21.97107,0,0.6,10238627,0.1267488,20.2469,20.15838,17.6814,0,0,1,2,0,0
India,664.7534,14.29631,0,0,0,0,0,0,0,12.38513,12.50103,26.81721,9,6.060356,5.54899,21.90901,6.591061,0,1034489468,0.4586387,21.58305,20.96136,20.81023,0,0,2,7,1,6
Indonesia,1249.027,14.41302,0,0,0,0,0,0,0,13.18209,13.18895,25.73494,1.2,6.579011,0.1855627,-12.48664,8.236314,0,208640299,1.019051,22.38138,21.42562,21.89125,0,0,1,6,1,5
Iran,3444.301,17.31857,0,0,0,0,0,0,0,14.10362,14.13764,25.46593,3,7.476626,2.734161,18.21169,6.024983,0,64980423,0.3420505,21.25088,20.32876,20.69777,0,0,0,0,1,5
Iraq,2023,17.52971,0,0,0,0,0,0,0,13.53655,13.55773,NA,-9,NA,15.47782,-2.42514,1.148601,0,22878952,0.06906767,19.46555,18.91561,18.44422,0,0,0,0,0,0
Ireland,0,0,0,0,0,0,0,0,0,0,NA,25.28462,10,10.14415,9.16046,23.08643,0.9656627,0,3762614,0.09889992,19.94302,19.33174,19.12747,0,0,1,3,1,4
Israel,0.1,7.276934,0,0,0,0,0,0,0,4.005036,NA,25.52651,9.6,9.898101,4.250932,21.74796,7.035806,0,6132000,0.1433259,20.37569,19.99686,19.21376,0,0,0,0,1,6
Italy,85.36164,12.38361,0,0,0,0,0,0,0,10.43116,10.54691,27.82211,10,9.964846,2.098717,22.62182,3.5632,1,56925928,1.129229,22.49044,21.83334,21.75744,0,0,1,3,2,11
Ivory Coast,12,10.50507,1,0,0,0,0,0,70390991,8.595076,NA,23.18307,-1,6.57875,1.668946,19.57863,6.237551,0,16271497,0.03780934,19.08333,18.97475,16.36359,0,11.16182,0,0,0,0
Jamaica,0,0,0,0,0,0,0,0,0,0,NA,22.87211,9,8.088406,-0.04074129,19.7921,5.525986,1,2633390,0.01305332,17.98406,17.72604,15.79184,0,0,0,0,0,0
Japan,5.33151,9.951095,0,1,0,0,1,0,0,7.970611,NA,29.11967,10,10.463,0.5763142,22.48753,3.174247,1,126616000,13.52522,24.97483,24.29682,24.26577,0,0,2,8,2,12
Jordan,0.02,5.133135,0,0,0,0,0,0,0,2.630043,NA,22.81861,-2,7.39112,3.845034,19.63881,0,0,5014338,0.03753151,19.07979,18.8874,17.33164,0,0,0,0,0,0
Kazakhstan,939.1918,14.49719,0,0,0,0,0,0,0,12.34059,12.39476,23.72841,-4,7.203915,5.16,21.16973,1.609438,0,15015078,0.1904175,20.66991,19.46796,20.28292,0,0,4,11,2,6
Kenya,0,0,1,0,0,0,0,0,282668509,0,NA,23.29974,-2,6.063358,2.090021,17.36249,3.929305,0,30619256,0.02470317,18.66223,18.63436,14.87302,0,12.55203,1,3,1,4
Kuwait,1894.16,17.3772,0,0,0,0,0,0,0,13.50681,13.58513,24.17452,-7,9.702324,1.953996,10.17343,0,0,1933766,0.07025147,19.64244,18.85186,19.00823,0,0,0,0,0,0
Kyrgyzstan,1.52,9.588777,0,1,0,0,1,0,0,6.462336,NA,21.12869,-3,5.738537,5.28821,11.02285,0,0,4829860,NA,NA,NA,NA,0,0,2,4,1,3
Laos,0,0,0,1,0,0,1,0,0,0,NA,21.18297,-7,5.711721,5.939254,17.59791,0,0,5238488,0.00702552,17.39517,17.14496,15.80646,0,0,2,3,1,3
Latvia,0,0,0,0,0,0,0,0,0,0,NA,22.73518,8,8.049475,5.996603,19.59989,2.208584,0,2387614,0.004744706,16.88838,16.63727,15.18308,0,0,0,0,1,3
Lebanon,0,0,0,0,0,0,0,0,0,0,NA,23.55921,NA,8.583599,1.213622,20.90712,0,0,3191698,0.03198191,18.92172,18.91848,12.56353,0,0,0,0,0,0
Lesotho,0,0,1,0,0,0,0,0,14157826,0,NA,20.62755,4,6.197286,2.630883,18.44263,1.52018,0,1849386,0.001814119,15.99471,15.86258,11.24249,0,9.558023,0,0,0,0
Liberia,0,0,1,0,0,0,0,0,0,0,NA,19.85406,0,5.047449,37.95281,18.07775,3.116711,1,2703941,0.01683806,18.02678,17.7541,#NAME?,1,0,NA,NA,NA,NA
Libya,1318.521,16.19204,1,0,0,0,0,0,0,13.13381,13.18563,24.22055,-7,8.741978,0.9581676,-11.06203,0,0,5276650,0.0174054,18.29916,17.91521,17.00321,0,0,0,0,1,2
Lithuania,8.84,8.384804,0,0,0,0,0,0,0,7.624964,NA,23.13946,10,8.064458,4.996372,19.99978,0,0,3523812,0.006189346,17.23166,17.11659,14.47108,0,0,0,0,1,2
Luxembourg,0,0,0,0,0,0,0,0,0,0,NA,23.76416,10,10.79165,6.201429,NA,0,1,430490,0.01580208,18.20839,17.39747,17.61175,0,0,0,0,3,10
Macedonia,0,0,0,0,0,0,0,0,0,0,NA,22.02937,6,7.509439,2.127927,18.57272,1.609438,0,2022742,0.001007489,15.30776,15.18595,12.17749,0.6,0,0,0,0,0
Madagascar,0,0,1,0,0,0,0,0,71642946,0,NA,22.07595,7.2,5.533998,4.612567,17.50942,0,0,15293381,0.009915917,17.72391,17.6286,15.28637,0,11.17945,0,0,0,0
Malawi,0,0,1,0,0,0,0,0,0,0,NA,21.36527,5.6,5.14907,1.466213,16.91162,0,0,11040599,0.000707193,15.14318,15.17061,13.14961,1,0,0,0,0,0
Malaysia,698.46,14.17369,0,0,0,0,0,0,0,12.43972,12.46613,25.18864,3,8.253796,3.095496,21.62504,2.621145,0,22643918,1.165156,22.50866,21.47261,22.06389,0,0,1,1,1,5
Mali,0,0,1,0,0,0,0,0,130357255,0,NA,21.84831,6,5.664817,6.683408,17.12404,1.507273,0,10683920,0.00587699,17.18068,16.90075,14.68196,0,11.77803,0,0,0,0
Mauritania,0,NA,1,0,0,0,0,0,0,0,NA,21.02593,-6,6.244377,1.604865,9.79413,0,0,2629942,0.003989291,16.79335,16.65036,14.60594,0,0,0,0,0,0
Mauritius,0,0,1,0,0,0,0,0,69449840,0,NA,22.19344,10,8.218115,5.193814,10.8237,0,0,1173426,0.01571143,18.19629,18.05953,15.06545,0,11.14836,0,0,0,0
Mexico,3262.895,16.43402,0,1,0,0,1,0,0,13.94418,14.04777,27.09704,6.8,8.674188,3.804545,23.53185,8.442817,1,100238103,0.2445177,20.88572,20.60365,19.44212,0,0,2,6,1,3
Moldova,0,0,0,0,0,0,0,0,0,0,NA,21.11437,7.2,6.005508,-0.01113313,18.04998,1.507273,0,3644999,0.001016472,14.95835,12.91109,14.74295,0,0,0,0,1,2
Mongolia,0.381,0,0,0,0,0,0,0,0,3.311922,NA,20.8643,10,6.183054,2.881158,17.27893,0,0,2376932,0.05493857,19.46852,18.22291,19.12351,0,0,1,2,2,5
Morocco,0.26,6.45183,1,0,0,0,0,0,24486744,4.207356,NA,24.41615,-6.2,7.240066,3.198405,16.83294,1.104292,0,28509483,0.05437731,19.43944,19.16631,17.96362,0,10.10589,1,3,2,7
Mozambique,0,0,1,0,0,0,0,0,42476571,0,NA,22.29685,5,5.613254,8.984774,19.0052,2.414901,0,17615889,0.004417318,16.92614,16.73584,14.74006,0,10.65671,1,2,0,0
Myanmar,15,9.81192,0,0,0,0,0,0,0,8.226636,NA,22.75077,-7,5.098797,9.510571,19.44609,7.533679,0,45518870,0.1164612,20.20848,20.02517,18.36812,0,0,0,0,1,4
Namibia,0,0,1,0,0,0,0,0,17531473,0,NA,22.06783,6,7.636566,3.110219,17.96771,0,0,1852091,0.003126491,16.53429,16.08735,15.49394,0,9.771753,1,2,0,0
Nepal,0,0,0,1,0,0,1,0,0,0,NA,22.38048,5.6,5.417271,4.695468,10.46059,2.746806,0,23290958,0.02663926,18.65964,18.59281,15.72348,0,0,0,0,1,3
Netherlands,5.56986,10.57718,0,0,0,0,0,0,0,8.51552,NA,26.77548,10,10.19872,4.048001,24.29166,2.069955,1,15820328,1.312752,22.64158,22.46347,20.82094,0,0,1,1,2,6
New Zealand,30.38904,10.78328,0,0,0,0,0,0,0,9.644814,NA,24.77196,10,9.612598,2.93064,12.33951,0,0,3833920,0.1620062,20.54297,19.62176,20.03461,0,0,2,7,2,8
Nicaragua,0,0,0,0,0,0,0,0,0,0,NA,22.30245,8,6.888471,4.355347,19.23929,2.320279,1,4946694,0.004638642,16.94975,16.94746,#NAME?,1,0,NA,NA,NA,NA
Niger,0,0,1,0,0,0,0,0,32126957,0,NA,21.38289,0.6,5.174275,3.66046,9.781569,1.538057,0,10961878,0.001761727,15.54653,15.65005,#NAME?,0,10.37745,0,0,0,0
Nigeria,2117.863,15.78831,1,0,0,0,0,0,1168352896,13.58095,13.59312,24.373,1,5.775555,3.144259,20.88167,7.234845,0,119410194,0.1193328,20.1924,19.96551,18.21342,0,13.97111,1,2,1,3
Norway,3130.584,15.16302,0,0,0,0,0,0,0,13.94629,13.99008,25.82598,10,10.51521,3.0426,22.32767,2.208584,1,4460650,0.169099,20.58483,19.85261,19.91053,0,0,0,0,0,0
Oman,896.7233,14.47314,0,0,0,0,0,0,0,12.7232,12.73364,23.54338,-9,8.91082,3.686974,17.52325,0,0,2263869,0.2810951,20.98134,17.43384,20.94757,0,0,0,0,0,0
Pakistan,64.268,11.23744,0,1,0,0,1,0,0,9.921498,NA,24.92155,-0.8,6.198533,2.693467,19.96395,6.375482,1,135374111,0.2076936,20.79592,20.26578,19.90272,0,0,2,7,1,4
Panama,0,0,0,0,0,0,0,0,0,0,NA,23.19297,9,8.288789,4.201869,20.61885,0.9656627,1,2971499,0.2165139,20.83818,20.83696,14.09284,1,0,NA,NA,NA,NA
Papua New Guinea,55.15342,11.68038,0,0,0,0,0,0,0,10.25677,NA,22.0351,4,6.527771,-1.686816,18.30695,5.941218,0,5432988,0.02347485,18.55704,16.96671,18.29666,0,0,0,0,0,0
Paraguay,0,0,0,0,0,0,0,0,0,0,NA,22.87654,6.8,7.413723,-0.04074578,18.84021,5.039872,1,5195183,0.01512447,18.15952,18.13184,14.42402,1,0,NA,NA,NA,NA
Peru,92.865,12.05342,0,0,0,0,0,0,0,10.55588,10.5684,24.70193,3.4,7.64586,2.178492,21.09205,8.057147,1,25552939,0.1119297,20.15799,18.67112,19.88828,0,0,1,2,0,0
Philippines,9.852,11.39657,0,0,0,0,0,0,0,6.276338,NA,25.0909,8,6.940527,2.999154,20.99742,4.451639,1,76350231,0.4738465,21.61381,21.09925,20.58507,0,0,2,4,1,2
Poland,13.32055,10.22238,0,0,0,0,0,0,0,8.148563,NA,25.8756,9,8.409545,4.304797,22.60239,0,0.6,38496023,0.1756394,20.62802,20.49025,18.42094,0,0,1,2,0,0
Portugal,0,0,0,0,0,0,0,0,0,0,NA,25.52418,10,9.383584,3.767399,21.90532,0,1,10227924,0.05075682,19.38867,19.20194,17.58771,0,0,2,3,1,2
Qatar,709.1096,14.36971,0,0,0,0,0,0,0,12.41109,12.53567,23.32545,-10,10.06858,3.898187,19.38204,0,0,572727.6,0.04086435,18.95641,16.9588,18.76873,0,0,0,0,0,0
Romania,122.379,13.21013,0,0,0,0,0,0,0,10.7441,10.80332,24.37008,8,7.444561,0.1364351,20.94839,2.838772,0,22421661,0.05159294,19.39641,19.1,17.8978,0,0,NA,NA,NA,NA
Russia,7408.173,16.69072,0,1,1,0,1,1,0,14.63823,14.66498,26.35695,4.2,7.550506,3.518397,21.88845,7.478353,0,147074606,1.35081,22.66332,21.42767,22.31582,0,0,7,20,7,25
Rwanda,0,0,1,0,0,0,0,0,64281607,0,NA,21.31686,-5.2,5.489479,8.769312,15.23774,4.323168,0,7506109,0.00094703,15.36778,14.70421,14.53632,0,11.07103,0,0,0,0
Saudi Arabia,7634.396,18.37576,0,0,0,0,0,0,0,14.91185,15.03373,25.8526,-10,9.02449,0.9297063,3.795503,0,0,20350069,0.4574655,21.56459,20.74641,20.95789,0,0,1,2,1,4
Senegal,0,0,1,0,0,0,0,0,0,0,NA,22.30784,2.6,6.225354,4.630021,18.349,1.507273,0,9655885,0.0085243,17.60171,17.58729,13.23176,1,0,NA,NA,NA,NA
Sierra Leone,0,0,1,0,0,0,0,0,482303.6,0,NA,20.45589,0.4,5.141345,-1.311789,14.54624,8.07202,0,4480070,0.00143635,15.86151,15.61839,#NAME?,0,6.178574,0,0,0,0
Singapore,0,0,0,0,0,0,0,0,0,0,NA,25.23724,-2,10.04347,4.021269,23.32217,0,0,3969575,1.803449,22.95935,22.29075,22.23925,0,0,1,2,2,4
Slovak Republic,NA,NA,0,0,0,0,0,0,0,NA,NA,24.10847,8.6,8.608882,2.880186,20.29205,1.104292,0,5387483,0.008641458,17.59085,17.39556,15.61477,0,0,NA,NA,NA,NA
Slovenia,0.014,0,0,0,0,0,0,0,0,1.969012,NA,23.78375,10,9.281957,4.155833,19.21227,0,0,1986323,0.01004812,17.70831,17.5518,15.68599,0,0,0,0,0,0
Solomon Islands,0,0,0,0,0,0,0,0,0,0,NA,19.96427,4.8,7.061514,-4.476891,9.595709,5.698105,0,401718,0.001696406,15.66777,13.90024,14.76302,0,0,NA,NA,NA,NA
Somalia,0,0,1,0,0,0,0,0,0,0,NA,NA,0,NA,NA,6.801096,3.532599,0,8716476,0.000155355,13.47134,13.20575,11.85127,0,0,0,0,0,0
South Africa,19.49589,9.260537,1,0,0,0,0,0,50316486,7.246336,NA,25.64047,9,8.036652,2.482467,21.34334,3.468879,0,44189812,0.3481212,21.31501,20.62909,20.61145,0.4,10.82609,2,5,2,5
Spain,6.41,8.924999,0,0,0,0,0,0,0,7.84197,NA,27.1397,10,9.624956,4.354131,23.68984,4.648835,1,40417210,0.4551864,21.5814,21.29655,20.177,0,0,2,4,0,0
Sri Lanka,0,0,0,0,0,0,0,0,0,0,NA,23.47814,5.2,6.742396,3.971798,19.17568,8.139151,0,18546400,0.06339584,19.60575,19.57876,15.92105,0,0,1,2,1,3
Sudan,238.7671,11.49563,1,0,0,0,0,0,634879296,9.642865,9.770895,23.18967,-7,5.877154,6.165113,19.56339,6.468536,0,26643315,0.09930348,19.8708,19.11868,18.00305,0,13.36119,1,2,0,0
Suriname,10,10.20396,0,0,0,0,0,0,0,7.992518,NA,20.59622,5,7.542424,2.182805,-10.77242,2.566936,1,466929.4,0.006425585,16.5234,16.45461,13.31875,0,0,NA,NA,NA,NA
Swaziland,0,0,1,0,0,0,0,0,0,0,NA,21.20705,-9,7.350678,2.294532,11.24396,0,0,1042006,0.000736195,14.80962,14.51625,#NAME?,1,0,NA,NA,NA,NA
Sweden,0,0,0,0,0,0,0,0,0,0,NA,26.28447,10,10.2869,3.591225,23.81539,0,0,8864596,0.5123035,21.69204,20.35275,21.38476,0,0,1,4,0,0
Switzerland,0,0,0,0,0,0,0,0,0,0,NA,26.37305,10,10.59025,2.458578,23.1619,0,0,7151400,0.3474466,21.31174,20.31348,20.83899,0,0,0,0,1,3
Syria,472.227,13.72394,0,0,0,0,0,0,0,12.17494,12.2688,23.55752,-8.2,6.970371,2.505481,18.74747,0,0,15994701,0.03610373,19.03918,19.02832,13.04666,0,0,0,0,0,0
Tajikistan,0.309,8.384804,0,0,0,0,0,0,0,4.971022,NA,20.76464,-1.8,5.137359,5.84,16.53586,5.670419,0,6122838,0.002995232,16.46892,15.65989,15.83609,0,0,2,4,1,3
Tanzania,0,0,1,0,0,0,0,0,227352198,0,NA,22.96469,-1,5.671972,4.60117,19.59667,3.397636,0,33334713,0.01689164,18.2734,18.17442,15.74367,0,12.33426,1,2,0,0
Thailand,127.1616,11.62404,0,0,0,0,0,0,0,10.38966,10.92766,25.56649,9,7.619876,0.4169788,22.32222,1.242922,0,62253757,0.934868,22.29117,21.25345,21.84937,0,0,1,3,3,12
Togo,0,0,1,0,0,0,0,0,0,0,NA,21.09659,-2,5.708321,2.429793,17.50563,0,0,4824283,0.01518043,18.17688,18.14443,13.03588,0,0,0,0,0,0
Trinidad and Tobago,121.8384,12.27959,0,0,0,0,0,0,0,10.69832,10.82406,22.67136,10,8.620248,6.948424,20.45853,2.252893,1,1265672,0.004396847,16.89588,16.79434,#NAME?,0,0,0,0,0,0
Tunisia,75.80822,11.62857,1,0,0,0,0,0,6505390,10.26841,10.27736,23.80493,-3,7.728347,4.957077,19.99434,0,0,9594437,0.02204029,18.52934,18.32779,16.26289,0,8.780386,0,0,1,3
Turkey,46.67397,11.60219,0,0,0,0,0,0,0,9.960859,NA,26.18715,7,8.240168,1.434865,20.85686,6.921505,1,62284202,0.1574992,20.51444,20.38633,18.22833,0,0,0,0,2,9
Turkmenistan,179.569,12.20252,0,0,0,0,0,0,0,10.72451,10.81495,21.7391,-9,6.427904,4.402582,18.54593,0,0,4462987,0.003145152,16.55626,16.36322,14.62827,0,0,2,5,1,3
UAE,2081.995,17.39058,0,0,0,0,0,0,0,13.63153,13.77151,25.20633,-8,10.29446,4.727279,3.754417,0,0,3001455,0.3646772,21.35161,21.21978,19.19565,0,0,1,1,0,0
Uganda,0,0,1,0,0,0,0,0,286459636,0,NA,22.54331,-4,5.579646,5.276957,18.92652,4.521818,0,23316976,0.002519771,16.384,16.3199,13.20451,0,12.56535,1,2,0,0
Ukraine,52,11.87878,0,1,0,0,1,0,0,9.88086,NA,24.3598,6.6,6.6393,2,20.2785,2.558355,0,49654221,0.09525377,19.98866,18.60344,19.69266,0,0,0,0,1,4
United Kingdom,55.24658,14.41052,0,1,0,0,1,0,0,10.32745,13.81514,28.10835,10,10.22041,3.214475,25.03474,5.186602,1,58699750,1.526919,22.78967,22.36639,21.72062,0,0,3,9,2,8
United States,5744.077,15.95386,0,0,1,0,1,1,0,14.60539,14.87188,29.89531,10,10.44894,3.738059,26.02679,2.069955,0,278936473,12.16351,24.86721,24.4862,23.71686,0,0,2,9,4,20
Uruguay,0,0,0,0,0,0,0,0,0,0,NA,23.87443,10,8.86376,1.07066,19.15754,1.242922,1,3304163,0.04419849,19.2408,18.80649,18.1573,0,0,0,0,1,3
Uzbekistan,79.43288,12.28678,0,0,0,0,0,0,0,10.51138,11.06148,23.38157,-9,6.37457,4.36,18.5321,3.116711,0,24328900,0.01817872,18.11818,17.63353,16.91495,0,0,2,5,0,0
Venezuela,2603.945,17.07895,0,0,1,0,1,1,0,13.93372,13.98183,25.34857,7.2,8.354165,1.555142,22.1933,5.2531,1,24029027,0.05271924,19.35592,19.14314,17.58187,0,0,0,0,1,2
Vietnam,339.5945,12.29683,0,0,0,0,0,0,0,11.51187,11.539,24.12912,-7,5.97623,6.334067,21.15909,0,0,76522260,0.3431394,21.28161,20.9399,19.9918,0,0,3,8,2,7
Yemen,439.3539,14.19395,0,0,0,0,0,0,0,11.90738,11.91912,22.7941,-2,6.123521,4.99978,-4.593105,0,0,17389624,0.138604,20.38264,18.74232,20.15382,0,0,0,0,0,0
Zambia,0,0,1,0,0,0,0,0,114750001,0,NA,22.051,1.8,5.909754,3.458528,18.91327,5.020644,0,10242372,0.009681877,17.64706,16.76456,16.97317,0,11.65051,1,3,0,0
Zimbabwe,0,0,1,0,0,0,0,0,838327422,0,NA,22.67122,-4.4,6.366726,0.6256821,17.72735,3.688602,0,12051244,0.0224577,18.55046,17.46474,17.97612,0,13.63916,0,0,0,0