country,year,oecd,polity,durable,lndom,domestic9,usally,production2,reserve2,production,reserve,china_aid,export.from.china,import.to.china,import,export,trade,trade.china,lntrade,lnexport,lnimport,ctrade,lnGDP,lnGDPpc,lnFDI,lnaid,lnprod,lnprod2,lnreserve,trade.de,africa,region2,part,part2,part3,partner,partner2,visits,days,taiwan,contig,dist,lnprod1,lnprod2.1,lnreserve1,production1,production21,reserve1,reserve21,growth.1,lnaid.1,lnGDP.1,lnGDPpc.1,lnFDI.1,lndom.1,dom.1,polity.1,usally.1,trade.de.1,lntrade.1,lnexport.1,lnimport.1,taiwan.1,pop.1
Afghanistan,2013,0,NA,0,10.57612586,39188,0,0,0,NA,NA,NA,328.97,9.57,839.75,7787.41,8627.16,338.54,19.64015281,19.61147712,16.07414376,3867890.06,23.72131215,6.448485785,17.44354031,0,0,NA,0,0.008752576,0,Asia,1,1,0,1,1,0,0,0,1,4180.438,0,NA,0,NA,0,NA,0,14.43474129,0,23.74547171,6.505797589,17.67047182,9.118773178,9125,NA,0,0.012710539,19.967477,19.956386,15.46031561,0,30696958
Albania,2013,0,9,16,0,0,0,17.00822,0.1724,NA,NA,NA,323.56,242.55,2532.4,4523.27,7055.67,566.11,20.15429896,19.59489513,19.30671843,3867890.06,23.27122785,8.392700402,20.94943146,0,8.73359411,NA,11.04971471,0.014636145,0,Europe,0,0,0,0,0,0,0,0,0,7686.079,8.723420962,NA,11.19390545,NA,16.83607,NA,0.19914,1.419999998,0,23.23447233,8.354112765,20.63997189,0,0,9,0,0.013183896,20.00404159,19.65612315,18.77933373,0,2900401
Algeria,2013,0,2,9,7.393263095,1625,0,1461.78082,12.2,1485,12.2,NA,6014.77,2139.1,65127.98,52962.9,118090.88,8153.87,22.8217585,22.51748395,21.48365102,3867890.06,26.0693419,8.607375111,21.24911014,0,13.18730806,13.2030674,15.30908858,0.210809249,1,Africa,0,1,0,1,1,0,0,0,0,9117.676,13.23438542,13.2374851,15.30908858,1537,1532.24317,12.2,12.2,3.374768651,0,26.06582681,8.624220935,21.12899921,0,0,2,0,0.209409406,22.76933672,22.41292244,21.56475543,0,37565847
Angola,2013,0,-2,16,0,0,0,1830.65753,10.47,1799,12.7,1410188433,3964.86,31948.02,72605.96,23953.49,96559.45,35912.88,24.30436184,22.10073638,24.18737604,3867890.06,25.55087583,8.477332585,-22.68617601,14.15923389,13.41232784,13.39488359,15.15616666,0.928487611,1,Africa,0,0,0,0,0,0,0,0,0,11769.51,13.38260686,13.38651067,15.05894443,1784,1777.04918,12.7,9.5,5.155440545,13.10783722,25.47165608,8.433431073,-22.65449076,0,0,-2,0,1.014984612,24.34767423,22.12054712,24.23356692,0,25096150
Argentina,2013,0,8,30,5.926926026,375,0,539.84858,2.80524,635,2.3,NA,8749.56,6096.04,81104.61,68387.5,149492.11,14845.6,23.42096936,22.89226925,22.53090522,3867890.06,27.03685943,9.470905821,23.00785618,0,12.19118605,12.35352235,13.83914173,0.383816493,0,America,1,1,0,1,1,0,0,0,0,19297.47,12.21184951,12.36759608,13.72581361,644,551.11977,2.4,2.50468,-1.026420454,0,27.02585253,9.470371696,23.45268175,5.521460918,250,8,1,0.390714025,23.3930214,22.78671772,22.60476546,0,42096739
Armenia,2013,0,5,15,5.743003188,312,0,0,0,NA,NA,NA,119.71,76.82,1334.55,3279.78,4614.33,196.53,19.09632565,18.60058271,18.15697558,3867890.06,23.13214293,8.25416242,19.66221633,0,0,NA,0,0.005081065,0,Europe,0,0,0,0,0,0,0,0,0,5947.15,0,NA,0,NA,0,NA,0,7.200000003,0,23.08594083,8.211972835,20.02336933,0,0,5,0,0.00401988,18.81629752,18.54422493,17.38165725,0,2881922
Australia,2013,1,10,112,4.828313737,125,0,337.98904,1.43325,421,4,NA,37555.9,91558.19,261215.65,218597.95,479813.6,129114.09,25.58396227,24.34909633,25.24024056,3867890.06,28.08029806,11.12420396,24.71219987,0,11.72291082,11.94253019,13.16759723,3.338101342,0,Oceania,0,0,0,0,0,0,0,0,0,8956.436,11.90555712,12.09225984,13.1622875,489,405.71858,3.9,1.42566,3.634249616,0,28.06163042,11.12251105,24.77592739,6.69950034,812,10,1,3.149070698,25.47990818,24.35455643,25.08754936,0,22728254
Austria,2013,1,10,67,0,0,0,16.1589,0.0467,NA,NA,NA,2037.77,5036.53,177162.38,171682.75,348845.13,7074.3,22.67973434,21.43512191,22.33998319,3867890.06,26.78296929,10.82982198,19.92769259,0,8.682368335,NA,9.743641518,0.182898166,0,Europe,0,0,0,0,0,0,0,0,0,7468.012,8.728115891,NA,9.811920359,NA,16.9153,NA,0.05,0.7457561,0,26.73318795,10.78588169,22.37569239,0,0,10,0,0.183076257,22.63494827,21.43583812,22.27618207,0,8429991
Azerbaijan,2013,0,-7,18,6.08221891,438,0,870.59452,7,877,7,NA,868.19,232.04,29869.18,16275.69,46144.87,1100.23,20.81878509,20.58192114,19.26242033,3867890.06,25.02955057,8.97154458,21.68622525,0,12.66907369,12.67640435,14.75356278,0.028445224,0,Europe,0,0,0,0,0,0,0,0,0,5520.214,12.7261699,12.67068678,14.75356278,872,921.74863,7,7,2.200000188,0,24.96724113,8.922169611,22.38969826,6.533788838,688,-7,0,0.034569668,20.96802214,20.78449263,19.18228065,0,9295784
Bahrain,2013,0,-10,1,7.896552702,2688,0,48,0.12456,NA,NA,NA,1237.43,304.16,12022.35,18872.66,30895.01,1541.59,21.15608019,20.93630249,19.53306444,3867890.06,24.21669807,10.12703835,20.71203277,0,9.771098364,NA,10.72468488,0.039856097,0,MEast,0,0,0,0,0,0,0,0,0,6184.87,9.61346942,NA,10.72468488,NA,41,NA,0.12456,3.732251521,0,24.14913334,10.07109161,20.60810569,8.730367212,6188,-10,0,0.041972331,21.16205611,20.90762698,19.6688044,0,1300217
Bangladesh,2013,0,4,4,8.979416633,7938,0,4,0.028,NA,NA,NA,9711.65,598.99,28656.88,37825.71,66482.59,10310.64,23.05644221,22.99659203,20.21075546,3867890.06,25.73383747,6.858448908,21.6799159,0,7.286191715,NA,9.232101864,0.266570141,0,Asia,1,0,0,1,0,0,0,0,0,3036.238,7.440343109,NA,9.232101864,NA,4.66667,NA,0.028,6.521435078,0,25.6162862,6.75267083,21.18347381,8.124150603,3375,5,0,0.228741799,22.85763936,22.7993066,19.98702325,0,155727053
Belarus,2013,0,-7,17,0,0,0,30,0.198,NA,NA,NA,871.12,580.77,27148.18,36087.4,63235.58,1451.89,21.09613199,20.5852903,20.17986537,3867890.06,25.04776316,8.984546492,21.53246122,0,9.301094735,NA,11.18816438,0.037537003,0,Europe,0,0,1,1,1,0,0,0,0,6480.601,9.301094735,NA,11.18816438,NA,30,NA,0.198,1.731391223,0,24.90815019,8.845092199,21.10416499,0,0,-7,0,0.042835415,21.18241072,20.64024286,20.31136506,0,9464495
Belgium,2013,1,8,69,4.828313737,125,0,0,0,NA,NA,NA,15558.81,9866.31,419569.05,415772.54,835341.59,25425.12,23.9590035,23.46789287,23.01239176,3867890.06,26.97731989,10.74743093,-24.06878168,0,0,NA,0,0.657338228,0,Europe,0,0,0,0,0,0,0,0,0,7970.82,0,NA,0,NA,0,NA,0,0.137051659,0,26.93363313,10.70863601,22.6228805,6.43775165,625,8,1,0.712888463,23.99437048,23.51917,23.02214306,0,11128246
Benin,2013,0,7,22,7.536363938,1875,0,0,0.008,NA,NA,324574523.6,2990.8,206.24,2450.6,8003.48,10454.08,3197.04,21.88549122,21.81880675,19.1445511,3867890.06,22.93775698,6.819216327,19.70228371,12.69027045,0,NA,7.979338895,0.082655917,1,Africa,0,0,0,0,0,0,0,0,0,11545.88,0,NA,7.979338895,NA,0,NA,0.008,4.810283413,0,22.82159715,6.73095903,19.45587268,0,0,7,0,0.072407094,21.70734979,21.60439353,19.3828622,0,9729160
Bhutan,2013,0,5,5,0,0,0,0,0,NA,NA,NA,17.41,0.01,194.75,381.7,576.45,17.42,16.67312953,16.67255531,9.210340372,3867890.06,21.31012637,7.762546234,16.83269268,0,0,NA,0,0.000450375,0,Asia,0,0,0,0,0,0,0,0,1,2812.561,0,NA,0,NA,0,NA,0,5.071709815,0,21.32412891,7.792352234,17.00930131,0,0,3,0,0.000422476,16.56342229,16.56278147,9.210340372,0,752967
Bolivia,2013,0,7,31,6.907755279,1000,0,47.49225,0.2098,NA,NA,NA,530.87,280.08,11180.56,8208.55,19389.11,810.95,20.51371696,20.09002773,19.45058583,3867890.06,24.14620315,7.9888614,21.28266024,0,9.760463893,NA,11.24605205,0.020966211,0,America,0,0,0,0,0,0,0,0,0,17389.85,9.62754742,NA,11.24605205,NA,41.58128,NA,0.2098,5.122274661,0,24.02222735,7.880512447,20.78150209,6.533788838,688,7,1,0.018305027,20.33222125,19.68195029,19.59427681,0,10239004
Botswana,2013,0,8,47,0,0,0,0,0,NA,NA,NA,148.19,196.18,6977.98,7662.38,14640.36,344.37,19.65722722,18.81400579,19.09454316,3867890.06,23.42568559,8.854754233,19.80310902,0,0,NA,0,0.008903304,1,Africa,0,0,0,0,0,0,0,0,0,11792.98,0,NA,0,NA,0,NA,0,4.456167218,0,23.41017947,8.857832655,20.11226044,0,0,8,0,0.008109857,19.51812568,19.01715181,18.58687292,0,2089315
Brazil,2013,0,8,28,8.124150603,3375,0,2023.87547,13.1542,2114,15.6,NA,36189.69,53666.06,246974.19,241214.66,488188.85,89855.75,25.22147144,24.31204011,24.70604661,3867890.06,28.53637503,9.410575883,24.95999821,0,13.51266686,13.55623452,15.38439373,2.32312058,0,America,0,1,1,1,1,0,0,0,0,17614.3,13.53095334,13.57265525,15.44576023,2149,2061.22549,15.3,13.98671,1.921150318,0,28.53328946,9.416660549,25.18464074,7.17930797,1312,8,1,2.313595251,25.17160348,24.23257146,24.6756564,0,200560983
Bulgaria,2013,0,9,23,7.661527081,2125,0,1,0.015,NA,NA,NA,1116.28,966.99,28686.26,30813.93,59500.19,2083.27,21.45720461,20.83326757,20.68969871,3867890.06,24.74430009,8.945705404,21.41091795,0,5.899897354,NA,8.607947555,0.053860631,0,Europe,0,0,0,0,0,0,0,0,0,7364.447,5.899897354,NA,8.607947555,NA,1,NA,0.015,0.030943608,0,24.7104525,8.90626134,21.30442503,0,0,9,0,0.051372348,21.36414556,20.77782978,20.5513737,0,7305888
Burkina Faso,2013,0,0,12,0,0,0,0,0,NA,NA,NA,103.4,186.84,2055.54,3130.61,5186.15,290.24,19.48621872,18.45411552,19.04576319,3867890.06,23.20270813,6.549715525,20.01045464,0,0,NA,0,0.007503833,1,Africa,0,0,0,0,0,0,0,1,0,11404.37,0,NA,0,NA,0,NA,0,6.452674754,0,23.13614479,6.51296702,19.61248221,0,0,0,0,0.008258711,19.53631402,18.09813114,19.26534657,1,16571216
Burundi,2013,0,6,8,0,0,0,0,0,NA,NA,0,50.94,9.31,324.37,557.74,882.11,60.25,17.91401313,17.74615903,16.04659965,3867890.06,21.72187569,5.644582656,18.5753496,0,0,NA,0,0.001557697,1,Africa,0,0,0,0,0,0,0,0,0,10011.62,0,NA,0,NA,0,NA,0,4.01936553,7.296909009,21.62844907,5.580807001,13.31285092,0,0,6,0,0.001546732,17.86118995,17.6543175,16.18388339,0,9319710
Cambodia,2013,0,2,15,6.533788838,688,0,0,0,NA,NA,NA,3411.25,361.3,10119.24,15479.55,25598.79,3772.55,22.051017,21.95034463,19.7052192,3867890.06,23.46085092,6.935778503,21.01969275,0,0,NA,0,0.097535089,0,Asia,1,1,0,1,1,0,0,0,0,3351.089,0,NA,0,NA,0,NA,0,7.313345505,0,23.36506109,6.856487682,21.08858791,6.08221891,438,2,0,0.079072522,21.79541094,21.71881497,19.18814659,0,14776866
Cameroon,2013,0,-4,21,0,0,0,62.75616,0.2,NA,NA,531681149.4,1512.86,366.15,5749.19,6819.37,12568.56,1879.01,21.35401088,21.13726774,19.71855364,3867890.06,24.10994178,7.21916183,20.12041478,13.18379925,10.03915409,NA,11.19821472,0.048579716,1,Africa,0,0,0,0,0,0,0,0,0,11002.26,10.04303208,NA,11.19821472,NA,63,NA,0.2,4.588738701,13.35108061,23.99935552,7.135407204,20.08345865,0,0,-4,0,0.052919893,21.39382481,20.78679447,20.60643984,0,21082383
Canada,2013,1,10,125,5.743003188,312,0,3325.12877,173.10519,3977,172.9,NA,29197.86,24132.09,464373.15,453506.82,917879.97,53329.95,24.69976392,24.09736126,23.90680833,3867890.06,28.24221393,10.86692369,24.9286686,0,14.00916103,14.1881804,17.96155208,1.378786604,0,America,1,1,0,1,1,0,0,0,0,10598.32,13.95118692,14.12673824,17.96455176,3740,3137.8388,173.6,173.62523,1.745472283,0,28.23221131,10.86850549,24.622767,7.718685495,2250,10,1,1.376671494,24.65246941,24.05928414,23.84824672,0,34750545
Central African Republic,2013,0,0,0,9.751966745,17188,0,0,0,NA,NA,NA,9.46,40.65,129.03,408.34,537.37,50.11,17.72973115,16.06258294,17.52050939,3867890.06,21.14103179,5.82152095,14.43220458,0,0,NA,0,0.001295538,1,Africa,0,0,0,0,0,0,0,0,0,10367.61,0,NA,0,NA,0,NA,0,4.112797869,0,21.50450803,6.187052124,18.06450792,8.047189562,3125,-1,0,0.001797078,18.01120761,16.6924593,17.6999568,0,4490416
Chad,2013,0,-2,21,7.536363938,1875,0,97.90685,1.5,83,1.5,1459947.512,383.72,103.5,3173.07,1198.92,4371.99,487.22,20.00422632,19.76542368,18.45508217,3867890.06,23.28435037,6.893666819,20.06972544,7.286155763,10.48391387,10.31873796,13.21311774,0.012596532,1,Africa,0,0,0,0,0,0,0,0,0,10103.65,10.54892757,10.51501787,13.21311774,101,104.48361,1.5,1.5,8.882576072,9.259974632,23.23838407,6.880867272,20.17818177,0,0,-2,0,0.01064011,19.78967634,18.96538592,19.21245079,0,12705135
Chile,2013,0,10,24,7.025538315,1125,0,6.66575,0.15,NA,NA,NA,13109.61,20800.17,81490.98,70300.9,151791.88,33909.78,24.24696931,23.29661139,23.758227,3867890.06,26.35226849,9.676674603,23.77217288,0,7.796879829,NA,10.91053265,0.876699686,0,America,1,1,0,1,1,0,0,0,0,19079.88,7.70522601,NA,10.91053265,NA,6.08197,NA,0.15,5.318628,0,26.31097252,9.644192265,24.14301311,7.690743164,2188,10,1,0.899018128,24.2263487,23.25747918,23.74909997,0,17309746
Colombia,2013,0,7,56,8.689127655,5938,0,1003.2463,2.2,1004,2.4,NA,6829.4,3622.48,60077.85,53308.58,113386.43,10451.88,23.0700477,22.64450266,22.01042471,3867890.06,26.66394191,8.991012784,23.50881261,0,12.81089367,12.81164465,13.59610999,0.270221745,0,America,0,0,0,0,0,0,0,0,0,14937.48,12.75025504,12.75002352,13.49458051,944,944.21858,2.2,1.9876,4.043943806,0,26.63584869,8.972715525,23.43393742,9.002701007,8125,7,1,0.254081414,22.96270025,22.55337866,21.87175659,0,46881475
Comoros,2013,0,9,7,7.536363938,1875,0,0,0,NA,NA,841662.3498,29.86,0.01,55.64,209.71,265.35,29.87,17.21236519,17.21203035,9.210340372,3867890.06,20.24307275,6.726642305,15.25781705,6.735378924,0,NA,0,0.000772256,1,Africa,0,0,0,0,0,0,0,0,0,9456.55,0,NA,0,NA,0,NA,0,2.999999972,9.433622214,20.16266496,6.670300627,16.15498535,0,0,9,0,0.000404613,16.52022186,16.51955274,9.210340372,0,723868
Congo Brazzaville,2013,0,-4,16,0,0,0,265,1.6,281,1.6,478631592.9,776.37,5710.78,11972.08,4800.74,16772.82,6487.15,22.59308913,20.47013977,22.46562145,3867890.06,23.36843673,7.994488339,21.79276993,13.07868646,11.47962718,11.53825202,13.27765626,0.167718056,1,Africa,0,0,0,0,0,1,2,0,0,11274.53,11.53468696,11.56632404,13.27765626,289,280,1.6,1.6,3.799995854,14.41463154,23.33904943,7.990255919,21.48961423,0,0,-4,0,0.1373712,22.34773225,20.07066541,22.23949576,0,4633363
Congo Kinshasa,2013,0,5,7,8.955448122,7750,0,20,0.18,NA,NA,0,952.42,2754.94,8114.96,6995.32,15110.28,3707.36,22.03358587,20.67451667,21.7366615,3867890.06,24.12495689,6.042325162,21.46436907,0,8.895629627,NA,11.0928542,0.095849674,1,Africa,0,0,0,0,0,0,0,0,0,11008.18,8.895629627,NA,11.0928542,NA,20,NA,0.18,7.157859628,0,24.03611351,5.986805447,21.92086117,8.478868077,4812,5,0,0.117652868,22.19278399,20.54699394,21.97852569,0,68978682
Costa Rica,2013,0,10,94,4.828313737,125,0,0,0,NA,NA,NA,926.22,4755.06,36298.65,14704.44,51003.09,5681.28,22.4604424,20.64662235,22.28247515,3867890.06,24.63017756,9.265743509,21.88809804,0,0,NA,0,0.146883182,0,America,0,0,0,0,0,1,3,0,0,14090.98,0,NA,0,NA,0,NA,0,4.796919919,0,24.5621401,9.20887626,21.71514452,0,0,10,1,0.167060609,22.54340218,20.62025811,22.38540625,0,4654122
Croatia,2013,0,9,13,0,0,0,11.99726,0.071,NA,NA,NA,1390.03,106.77,11842.04,20911.98,32754.02,1496.8,21.12659533,21.05259117,18.48618755,3867890.06,24.77973323,9.515965998,20.65852437,0,8.384575644,NA,10.16257723,0.038698101,0,Europe,1,0,0,1,0,0,0,0,0,7648.763,8.37081748,NA,10.16257723,NA,11.83333,NA,0.071,-2.187429172,0,24.7572463,9.490693974,21.10518937,0,0,9,0,0.03721305,21.04170502,20.98568395,18.13179795,0,4267558
Cuba,2013,0,-7,52,0,0,0,50,0.124,NA,NA,NA,1374.19,504.8,3972.46,11057.26,15029.72,1878.99,21.35400024,21.0411303,20.03967287,3867890.06,25.06899149,8.818800867,NA,0,9.811920359,NA,10.72017892,0.048579199,0,America,0,0,0,0,0,0,0,0,NA,NA,9.852611145,NA,10.72017892,NA,52.0765,NA,0.124,3.014900289,0,25.01565492,8.768098377,NA,0,0,-7,0,0.047137036,21.27810452,20.88256609,20.15933827,0,11382146
Cyprus,2013,0,10,39,6.620073207,750,0,0,0,NA,NA,NA,964.14,52.89,5751.73,13806.36,19558.09,1017.03,20.74015245,20.68674707,17.78372484,3867890.06,23.90360728,10.2366675,-22.51921094,0,0,NA,0,0.026294181,0,Europe,0,0,0,0,0,0,0,0,0,7076.428,0,NA,0,NA,0,NA,0,-3.157777674,0,23.94262979,10.2733654,24.62726811,0,0,10,0,0.032795865,20.91534794,20.81230183,18.59168854,0,1135062
Czech Republic,2013,1,8,20,6.33150185,562,0,3,0.015,NA,NA,NA,6836.61,2612.48,157394.76,137491.04,294885.8,9449.09,22.96918428,22.64555783,21.6835658,3867890.06,26.06752381,9.899279681,22.71899673,0,6.998509642,NA,8.607947555,0.244295723,0,Europe,0,0,0,0,0,0,0,0,0,7462.242,6.998509642,NA,8.607947555,NA,3,NA,0.015,-0.799844281,0,26.05780147,9.889889036,22.9675012,4.828313737,125,8,1,0.236279243,22.89005984,22.56752604,21.60157637,0,10510785
Denmark,2013,1,10,68,0,0,0,175.40117,0.805,178,0.7,NA,5714.63,3373.83,104937.19,96626.83,201564.02,9088.46,22.93027131,22.46629539,21.93931443,3867890.06,26.56269858,11.02175855,-20.57501979,0,11.0669731,11.0816809,12.59073963,0.234972035,0,Europe,0,0,1,1,1,0,0,0,0,7208.356,11.20938302,11.21801735,12.70229212,204,202.24618,0.7,0.9,0.226468476,0,26.51368126,10.97691023,21.73629481,0,0,10,1,0.255612448,22.96870793,22.60143386,21.78903808,0,5591572
Djibouti,2013,0,4,14,0,0,0,0,0,NA,NA,72997375.6,1019.61,0.27,210.58,3147.94,3358.52,1019.88,20.74295081,20.74268604,12.50617724,3867890.06,21.09827174,7.391808483,19.47151799,11.19817877,0,NA,0,0.026367864,1,Africa,0,0,0,0,0,0,0,0,0,7769.803,0,NA,0,NA,0,NA,0,4.842379573,11.16614445,21.02605788,7.337035011,18.51597507,0,0,2,0,0.024442158,20.62135492,20.62066817,13.33747476,0,881185
East Timor,2013,0,7,11,0,0,0,79.25753,0,NA,NA,NA,47.31,0.4,392.18,465.39,857.57,47.71,17.68065158,17.67223225,12.89921983,3867890.06,20.99481853,7.010100359,17.8383073,0,10.27259978,NA,0,0.001233489,0,Asia,0,0,0,0,0,0,0,0,NA,NA,10.27558569,NA,0,NA,79.49454,NA,0,5.789990186,0,20.98023094,7.019097385,17.51390569,0,0,7,0,0.001709931,17.96149835,17.95067711,13.42984808,0,1156760
Ecuador,2013,0,5,13,4.828313737,125,0,526.1124,8.24,527,8.2,NA,2965.48,775.49,27971.09,22913.11,50884.2,3740.97,22.04261077,21.81030474,20.46900565,3867890.06,25.27850663,8.711787599,20.40418144,0,12.16541223,12.1670979,14.91665298,0.096718623,0,America,0,0,0,0,0,0,0,0,0,15364.41,12.12166397,12.12445578,14.78312158,505,503.5921,8.4,7.21,5.641962067,0,25.19974483,8.648590563,20.15593212,0,0,5,1,0.096153696,21.99099342,21.68487404,20.65805509,0,15419666
Egypt,2013,0,-4,0,10.28363485,29250,0,514.42192,4.4,714,3.9,25249870.49,8353.21,1856.12,33099.39,67581.35,100680.74,10209.33,23.04656785,22.84591173,21.34175412,3867890.06,26.38825977,8.075081472,22.15649149,10.13657631,12.14294114,12.47078032,14.28925717,0.263950884,1,MEast,0,1,0,1,1,0,0,0,0,7551.418,12.19050976,12.4721799,14.28925717,715,539.48361,4.2,4.4,2.215608782,13.89311396,26.35581278,8.06508974,21.75206349,9.002701007,8125,NA,0,0.258367607,22.97942891,22.83043927,21.00198032,0,87813257
El Salvador,2013,0,8,29,0,0,0,0,0,NA,NA,NA,521.56,8.99,5517.36,8453.26,13970.62,530.55,20.08942476,20.07233488,16.01162341,3867890.06,23.91583588,8.267619545,19.305877,0,0,NA,0,0.013716781,0,America,0,0,0,0,0,0,0,1,0,13507.86,0,NA,0,NA,0,NA,0,1.881061224,0,23.89352268,8.250041917,19.91965529,0,0,8,1,0.013461306,20.02486488,20.00995676,15.81157049,1,6221246
Equatorial Guinea,2013,0,-5,44,0,0,0,269.79726,1.1,267,1.7,6436531,357.47,2469.74,14632.88,3149.45,17782.33,2827.21,21.7625562,19.694562,21.62737872,3867890.06,23.81169569,9.915761572,20.40952731,8.769745009,11.49756814,11.48714601,12.90296281,0.073094373,1,Africa,0,0,0,0,0,0,0,0,0,11235.13,11.56770717,11.50569942,12.90296281,272,289.4,1.7,1.1,8.312871844,0,23.83186362,9.978486151,20.70841248,0,0,-5,0,0.059048092,21.50339773,19.70336306,21.32272302,0,1038593
Eritrea,2013,0,-7,20,8.047189562,3125,0,0,0,NA,NA,0,137.96,51.49,342.54,670.01,1012.55,189.45,19.0596357,18.74247435,17.75689817,3867890.06,NA,NA,17.59648727,0,0,NA,0,0.004898019,1,Africa,0,0,0,0,0,0,0,0,0,7878.1,0,NA,0,NA,0,NA,0,NA,0,NA,NA,17.53777974,0,0,-7,0,0.00148286,17.81901825,17.7957528,14.04662228,0,NA
Estonia,2013,1,9,13,0,0,0,0,0,NA,NA,NA,1109.89,199.87,14425.34,22628.65,37053.99,1309.76,20.99310975,20.82752675,19.11317771,3867890.06,23.94538383,9.853760116,20.79991223,0,0,NA,0,0.03386239,0,Europe,0,0,0,0,0,0,0,0,0,6372.091,0,NA,0,NA,0,NA,0,4.307258988,0,23.86066539,9.765482753,21.3043863,0,0,9,0,0.037069068,21.03782837,20.93354297,18.72551488,0,1322696
Ethiopia,2013,0,-3,8,4.828313737,125,0,0,0.00043,NA,NA,1658083245,1867.07,315.7,3078.5,8817.26,11895.76,2182.77,21.50386055,21.34763619,19.57030295,3867890.06,24.58711092,6.218906027,20.67512546,14.32117282,0,NA,5.055927283,0.056433093,1,Africa,1,0,0,1,0,0,0,0,0,8315.988,0,NA,5.055927283,NA,0,NA,0.00043,8.647811635,14.20777933,24.49166605,6.149550456,19.44515417,5.521460918,250,-3,0,0.049792056,21.33290097,21.14865121,19.5507271,0,92444183
Fiji,2013,0,-4,6,0,0,0,0,0,NA,NA,NA,244.46,59.38,870.96,2410.79,3281.75,303.84,19.53201181,19.31456225,17.89946803,3867890.06,22.15600075,8.468647478,19.3941417,0,0,NA,0,0.007855446,0,Oceania,1,0,0,1,0,0,0,0,0,9104.002,0,NA,0,NA,0,NA,0,1.883476699,0,22.10253875,8.422165443,19.74506905,0,0,-4,0,0.006402362,19.28171243,19.18340063,16.91334805,0,873596
Finland,2013,1,10,69,0,0,0,0,0,NA,NA,NA,5831.53,3910.23,78247.2,82393.36,160640.56,9741.76,22.99968764,22.48654524,22.08686203,3867890.06,26.32161413,10.8125135,-22.3207743,0,0,NA,0,0.251862381,0,Europe,0,0,0,0,0,0,0,0,0,6326.875,0,NA,0,NA,0,NA,0,-1.42618936,0,26.27119911,10.76670572,22.31918138,5.743003188,312,10,0,0.305252132,23.1461836,22.73049952,22.06770121,0,5413971
France,2013,1,9,44,8.601166625,5438,0,16.00274,0.08518,NA,NA,NA,27015.1,23014.33,597603.06,693772.54,1291375.6,50029.43,24.63587727,24.01966181,23.8593829,3867890.06,28.66367564,10.658532,24.17608302,0,8.672657311,NA,10.34466402,1.293455326,0,Europe,1,0,1,1,1,0,0,0,0,8225.232,8.688074566,NA,10.39981813,NA,16.25137,NA,0.09001,0.182693034,0,28.61736617,10.6173689,24.21827087,6.33150185,562,9,1,1.392319336,24.66377173,24.02681584,23.91108681,0,65659790
Gabon,2013,0,3,4,0,0,0,239.25753,2,236,2,106367604.4,434.89,897.23,11880.85,4849.35,16730.2,1332.12,21.0100375,19.89060368,20.6148228,3867890.06,23.59063711,9.17779063,20.46344873,11.57465634,11.37743786,11.36372916,13.50079981,0.034440483,1,Africa,0,0,0,0,0,0,0,0,0,11432.47,11.390189,11.40115556,13.50079981,245,242.32787,2,2,5.251076918,0,23.5665138,9.187499598,20.53991148,6.08221891,438,3,0,0.028296403,20.76778021,19.87250532,20.24269457,0,1756817
Gambia,2013,0,-5,16,0,0,0,0,0,NA,NA,NA,307.75,77.94,149.65,1029.13,1178.78,385.69,19.7705445,19.54479832,18.17144986,3867890.06,20.62209578,6.186372242,17.44345221,0,0,NA,0,0.009971586,1,Africa,0,0,0,0,0,0,0,1,0,12365.75,0,NA,0,NA,0,NA,0,5.862230311,0,20.63177501,6.227297927,17.32779628,5.521460918,250,-5,0,0.009261719,19.65093514,19.36621955,18.25568817,1,1802125
Georgia,2013,0,7,22,6.774223886,875,0,1,0.035,NA,NA,NA,859.82,54.64,2476.4,9353.13,11829.53,914.46,20.63384429,20.57223362,17.81627677,3867890.06,23.50456941,8.360393606,20.67860679,0,5.899897354,NA,9.455245415,0.023642347,0,Europe,0,0,0,0,0,0,0,0,0,5852.917,5.899897354,NA,9.455245415,NA,1,NA,0.035,6.350482702,0,23.48621289,8.329143864,20.53844703,5.926926026,375,6,0,0.020965461,20.46792187,20.42343021,17.33330509,0,3825000
Germany,2013,1,10,23,7.502186487,1812,0,50.56438,0.25416,NA,NA,NA,67349,94131.11,1429927.54,1149490.82,2579418.36,161480.11,25.80764781,24.93315389,25.26795443,3867890.06,28.953447,10.74787213,24.93402323,0,9.823144729,NA,11.43786134,4.174888828,0,Europe,1,1,0,1,1,1,3,0,0,7785.342,9.791717652,NA,11.52029822,NA,49,NA,0.276,0.491992829,0,28.89627261,10.69342674,24.90477041,6.33150185,562,10,1,4.362916084,25.80594144,24.95991649,25.24536991,0,80425823
Ghana,2013,0,8,12,0,0,0,97.91233,0.66,NA,NA,327445370.5,3945.53,757.2,13211.11,17878.56,31089.67,4702.73,22.27140903,22.09584913,20.44513798,3867890.06,24.59039753,7.503560981,21.89481875,12.69907651,10.48396984,NA,12.39213719,0.121583859,1,Africa,0,0,0,0,0,0,0,0,0,11831.63,10.26114956,NA,12.39213719,NA,78.35519,NA,0.66,9.292511869,12.37127131,24.4594994,7.396212723,21.91552632,0,0,8,0,0.147022105,22.41562845,22.28969186,20.28134419,0,25733049
Greece,2013,1,10,38,9.125653564,9188,0,1.24658,0.01,NA,NA,NA,3215.28,434.73,32238.97,57813.82,90052.79,3650.01,22.01799574,21.89118028,19.89023571,3867890.06,26.20332964,9.99309146,21.80351656,0,6.120301155,NA,8.202482447,0.094366953,0,Europe,0,0,1,1,1,0,0,0,0,7623.437,6.412361634,NA,8.202482447,NA,1.6694,NA,0.01,-7.300493935,0,26.22725772,10.00976833,21.23208575,8.577723691,5312,10,1,0.10888291,22.11531859,22.0027681,19.8752177,0,11045011
Guatemala,2013,0,8,17,0,0,0,9.98672,0.08307,NA,NA,NA,1474.61,173.89,10556.43,14558.7,25115.13,1648.5,21.22313162,21.11165938,18.97393347,3867890.06,24.70948791,8.146949155,21.02569506,0,8.201153564,NA,10.31958098,0.042620136,0,America,0,0,0,0,0,0,0,1,0,13351.5,8.257408983,NA,10.31958098,NA,10.56463,NA,0.08307,2.970025412,0,24.64302792,8.101558086,20.95726104,6.620073207,750,8,1,0.036607078,21.02528711,20.97330056,18.04263623,1,15271056
Guinea,2013,0,4,0,6.08221891,438,0,0,0,NA,NA,NA,906.21,84.71,2590.08,3901.19,6491.27,990.92,20.71414436,20.62478163,18.25474422,3867890.06,22.5529191,6.291882647,18.7232268,0,0,NA,0,0.025619136,1,Africa,0,0,0,0,0,0,0,0,0,12651.77,0,NA,0,NA,0,NA,0,3.944111989,0,22.45796626,6.219294231,20.22139995,6.08221891,438,1,0,0.020713491,20.45583074,20.44138027,16.21158599,0,11281469
Guinea-Bissau,2013,0,1,1,0,0,0,0,0,NA,NA,1668511.442,11.77,16.83,257.02,293.68,550.7,28.6,17.16891728,16.28106448,16.63867357,3867890.06,20.74958073,6.414386895,16.79306378,7.419687156,0,NA,0,0.000739421,1,Africa,0,0,0,0,0,0,0,0,0,12441.42,0,NA,0,NA,0,NA,0,-1.79798851,0,20.71883811,6.409766712,15.70634843,7.79893331,2438,1,0,0.000609762,16.93035831,16.58120054,15.70862252,0,1638139
Guyana,2013,0,6,21,0,0,0,0,0,NA,NA,NA,160.22,21.11,1542.86,1413.04,2955.9,181.33,19.01582913,18.89205843,16.86525742,3867890.06,21.81854141,8.27999589,19.11661598,0,0,NA,0,0.004688086,0,America,0,0,0,0,0,0,0,0,0,14808.48,0,NA,0,NA,0,NA,0,4.816458917,0,21.77098969,8.239048339,19.44280788,0,0,6,1,0.006104924,19.23414109,19.11137492,17.07591213,0,753091
Haiti,2013,0,0,0,5.743003188,312,0,0,0,NA,NA,NA,323.62,15.18,1005.34,4079.37,5084.71,338.8,19.64092052,19.59508055,16.53548933,3867890.06,22.85772919,6.697362104,18.89304333,0,0,NA,0,0.008759298,0,America,0,0,0,0,0,0,0,1,0,13463.2,0,NA,0,NA,0,NA,0,2.885096051,0,22.78888941,6.642283081,18.86536657,5.521460918,250,0,1,0.007939621,19.49691108,19.4623346,16.11509114,1,10289210
Honduras,2013,0,7,31,4.828313737,125,0,0,0,NA,NA,NA,798.98,232.92,8305.12,10549.89,18855.01,1031.9,20.7546676,20.49884647,19.2662056,3867890.06,23.64102192,7.66705245,20.79001684,0,0,NA,0,0.026678628,0,America,0,0,0,0,0,0,0,1,0,13543.21,0,NA,0,NA,0,NA,0,4.128687749,0,23.64257889,7.686338149,20.78863234,5.743003188,312,7,1,0.035464959,20.99359064,20.77809487,19.35296293,1,8505646
Hungary,2013,1,10,23,4.828313737,125,0,12,0.02732,NA,NA,NA,5694.96,2715.17,102583.05,96376.18,198959.23,8410.13,22.85270277,22.46284741,21.7221204,3867890.06,25.62617096,9.51882468,-22.05090393,0,8.384804003,NA,9.207516388,0.217434567,0,Europe,1,0,0,1,0,0,0,0,0,7347.376,8.458098609,NA,9.35684475,NA,12.91257,NA,0.03172,-1.602512404,0,25.56997835,9.459878384,23.08590022,4.828313737,125,10,1,0.218297365,22.8109037,22.47121622,21.5661339,0,9920362
India,2013,0,9,63,9.878169745,19500,0,772.0756,5.47614,906,5.7,NA,48445.6,17046.05,284142.72,448091.77,732234.49,65491.65,24.90518849,24.60370736,23.55918434,3867890.06,28.24983375,7.280831741,24.06092087,0,12.54897983,12.70893666,14.50805311,1.693213845,0,Asia,1,1,0,1,1,1,4,0,1,3785.013,12.55529963,12.70893666,14.53155252,906,776.97042,5.7,5.60635,5.456387552,0,28.23404546,7.277237643,23.90113986,9.299998244,10938,9,0,1.801573578,24.92146128,24.58915548,23.65820563,0,1263065852
Indonesia,2013,0,8,14,8.278428259,3938,0,827.83014,4.03,882,3.7,NA,36943.5,31478.44,210676.89,200264.77,410941.66,68421.94,24.94895937,24.33265556,24.1725687,3867890.06,27.53948037,8.194412708,23.8709353,0,12.61870534,12.68208941,14.20141901,1.768973237,0,Asia,0,1,0,1,1,1,2,0,0,5220.879,12.6738839,12.72209474,14.16486313,918,874.79235,3.7,3.88534,6.030050653,0,27.54532151,8.212827111,23.77730374,6.620073207,750,8,0,1.795015866,24.91781464,24.25814789,24.19002715,0,248883232
Iran,2013,0,-7,9,6.08221891,438,0,3113.29863,154.58,3525,157.8,NA,14389.14,25396.68,67561,59475.03,127036.03,39785.82,24.4067764,23.38973959,23.95788429,3867890.06,26.96084971,8.795895318,21.83838939,0,13.94333545,14.06753307,17.84836439,1.028618171,0,MEast,0,0,0,0,0,0,0,0,0,5609.038,14.02755284,14.12727286,17.82605766,3742,3386.84973,157.3,151.17,-6.608687255,0,27.09864727,8.946453032,22.2626534,6.08221891,438,-7,0,0.988800858,24.32153846,23.17475616,23.93931527,0,76453574
Iraq,2013,0,3,3,11.35773258,85625,0,3054.38356,141.35,3141,150,NA,6895.66,17968.06,90049.88,39347.75,129397.63,24863.72,23.93667555,22.65415807,23.61186157,3867890.06,26.18135393,8.842925684,22.35864436,0,13.92423042,13.95219385,17.75889172,0.642823855,0,MEast,0,0,0,0,0,0,0,0,0,6298.444,13.90069388,13.94420276,17.77119632,3116,2983.33333,150,143.1,13.93643017,0,26.10776542,8.802540904,21.94704127,8.369157113,4312,3,0,0.475169121,23.58871629,22.31529916,23.26038773,0,32776571
Ireland,2013,1,10,92,0,0,0,0,0,NA,NA,NA,2477.02,4191.69,142774.89,73295.24,216070.13,6668.71,22.62069227,21.63032206,22.15636983,3867890.06,26.2008633,10.85966738,24.63449122,0,0,NA,0,0.172412088,0,Europe,0,1,0,1,1,0,0,0,0,8290.863,0,NA,0,NA,0,NA,0,-1.102882273,0,26.14300047,10.80428615,24.43590191,4.828313737,125,10,0,0.159518835,22.49720751,21.46456488,22.05705037,0,4586897
Israel,2013,1,10,65,6.69950034,812,0,0.39,0.0115,NA,NA,NA,7637.76,3183.68,68074.94,68231.75,136306.69,10821.44,23.10479519,22.7563702,21.8813036,3867890.06,26.4045122,10.50215012,23.24483384,0,4.958288814,NA,8.342244389,0.279776308,0,MEast,0,0,0,0,0,0,0,0,0,7146.982,4.958288814,NA,8.367996885,NA,0.39,NA,0.0118,2.381800262,0,26.27483607,10.39113452,22.85951295,7.13089883,1250,10,0,0.268351134,23.01734183,22.66782793,21.79645775,0,7910500
Italy,2013,1,10,65,8.06714904,3188,0,101.77534,0.52128,116,0.6,NA,25750.81,17556.5,509809.09,496249.59,1006058.68,43307.31,24.49158728,23.97173192,23.58869009,3867890.06,28.38737371,10.47362704,23.695247,0,10.52266519,10.65348754,12.15618468,1.119662383,0,Europe,0,0,1,1,1,0,0,0,0,8134.695,10.51469316,10.61839622,12.15976558,112,100.96721,0.6,0.52315,-2.819019127,0,28.35993262,10.45777846,17.36547638,7.313220387,1500,10,1,1.134022366,24.45857171,23.96813645,23.51089402,0,59539717
Ivory Coast,2013,0,4,2,0,0,0,37,0.1,NA,NA,926017786.6,955.5,257.43,10921.53,10273.65,21195.18,1212.93,20.91630476,20.67774532,19.3662584,3867890.06,24.16602252,7.261001951,19.82549328,13.73864872,9.510815266,NA,10.50506754,0.031358957,1,Africa,0,0,0,0,0,0,0,0,0,12145.08,9.535252078,NA,10.50506754,NA,37.9153,NA,0.1,10.7065041,13.39485024,24.02060389,7.140833492,19.61543442,7.661527081,2125,4,0,0.025609447,20.66800679,20.50492324,18.77408033,0,21418603
Jamaica,2013,0,9,54,0,0,0,0,0,NA,NA,NA,626.45,3.81,1323.63,5573.77,6897.4,630.26,20.26164299,20.25557952,15.15313975,3867890.06,23.38188481,8.518421427,20.11583306,0,0,NA,0,0.016294672,0,America,1,0,0,1,0,0,0,0,0,13446.64,0,NA,0,NA,0,NA,0,-0.621954187,0,23.41805721,8.55839336,19.83976521,0,0,9,1,0.022102979,20.5207579,20.48245463,17.23944743,0,2840992
Japan,2013,1,10,61,4.828313737,125,0,4.66575,0.04412,NA,NA,NA,149912.34,162219.41,800842.96,768681.72,1569524.68,312131.75,26.46669121,25.73331656,25.81221564,3867890.06,29.27112732,10.60793187,23.08867939,0,7.440145947,NA,9.686810548,8.069819596,0,Asia,1,1,0,1,1,0,0,0,0,2098.111,7.509335266,NA,9.686810548,NA,5,NA,0.04412,1.495028543,0,29.45608852,10.79145034,20.11989115,6.43775165,625,10,1,8.91058696,26.5200409,25.74391252,25.90351355,0,127629000
Jordan,2013,0,-3,24,7.271008538,1438,0,0.022,0.001,NA,NA,NA,3426.06,169.87,7462.3,24705.8,32168.1,3595.93,22.00306849,21.95467675,18.950544,3867890.06,24.23760866,8.292264825,21.31417998,0,2.083184528,NA,5.899897354,0.092968775,0,MEast,0,0,0,0,0,0,0,0,0,7061.988,2.083184528,NA,5.899897354,NA,0.022,NA,0.001,2.650383647,0,24.15522769,8.261204395,21.1375173,7.502186487,1812,-3,0,0.088104193,21.90356563,21.80789414,19.50927637,0,7992573
Kazakhstan,2013,0,-6,22,0,0,0,1572.89863,30,1720,30,NA,12540.26,16023.88,67741.45,50455.87,118197.32,28564.14,24.07541792,23.25221011,23.49734595,3867890.06,26.18978281,9.538986061,23.02697962,0,13.26057281,13.34997692,16.20885001,0.738494103,0,Asia,0,1,1,1,1,1,3,0,1,3277.169,13.22272175,13.31567433,16.20885001,1662,1514.47541,30,30,4.8,0,26.06079704,9.424418139,23.33686867,0,0,-6,0,0.694159336,23.96774703,23.12129201,23.40749864,0,16791425
Kenya,2013,0,9,11,7.313220387,1500,0,0,0,NA,NA,5407564499,3221.78,52.86,6377.03,17825.52,24202.55,3274.64,21.90947378,21.89319984,17.78315747,3867890.06,24.73236734,7.114049513,19.73399222,15.50330936,0,NA,0,0.084662179,1,Africa,0,0,0,0,0,0,0,0,0,9223.831,0,NA,0,NA,0,NA,0,4.563200169,12.86455695,24.64351005,7.051873443,18.91177422,6.33150185,562,8,0,0.0768914,21.76743954,21.74887006,17.77193315,0,43646629
Kosovo,2013,NA,8,5,0,0,0,NA,NA,NA,NA,NA,NA,NA,NA,NA,NA,NA,NA,NA,NA,3867890.06,22.67942223,8.262824956,19.73309301,0,NA,NA,NA,NA,0,Europe,0,0,0,0,0,0,0,0,NA,NA,NA,NA,NA,NA,NA,NA,NA,2.808457654,0,22.59101748,8.184835534,19.49635103,5.743003188,312,8,0,NA,NA,NA,NA,0,1805200
Kuwait,2013,0,-7,49,5.926926026,375,0,2650,104,3135,101.5,NA,2671.9,9568.27,111276.18,27035.14,138311.32,12240.17,23.227989,21.70605567,22.98171825,3867890.06,25.88324884,10.78725315,21.08347584,0,13.78221227,13.95028181,17.45204353,0.316455996,0,MEast,0,0,0,0,0,0,0,0,0,6225.544,13.77651508,13.96201494,17.45204353,3172,2634.94536,101.5,104,6.626388081,0,25.8827235,10.84474542,21.77847954,7.502186487,1812,-7,0,0.339475916,23.25244851,21.46037249,23.07019025,0,3395556
Kyrgyzstan,2013,0,7,2,5.743003188,312,0,1,0.04,NA,NA,NA,NA,NA,NA,NA,NA,NA,NA,NA,NA,3867890.06,22.71592701,7.156517579,20.27724073,0,5.899897354,NA,9.588776808,NA,0,Asia,1,1,0,1,1,0,0,0,1,3471.802,5.899897354,NA,9.588776808,NA,1,NA,0.04,-0.088150193,0,22.61111396,7.071551917,19.5974888,6.08221891,438,7,0,NA,NA,NA,NA,0,5607200
Laos,2013,0,-7,38,0,0,0,0,0,NA,NA,NA,1720.56,1020.65,3781.15,6632.04,10413.19,2741.21,21.73166527,21.26591566,20.74370552,3867890.06,23.20334062,7.516865624,19.87151602,0,0,NA,0,0.070870939,0,Asia,1,0,1,1,1,0,0,0,1,2778.652,0,NA,0,NA,0,NA,0,8.026283279,0,23.04480688,7.370630981,19.50036508,0,0,-7,0,0.046530793,21.2651598,20.65524392,20.48121975,0,6415169
Latvia,2013,0,8,22,0,0,0,0,0,NA,NA,NA,1375.15,99.16,12948.97,29382.95,42331.92,1474.31,21.11145592,21.04182865,18.41224527,3867890.06,24.13291312,9.617951791,20.7127136,0,0,NA,0,0.038116647,0,Europe,0,0,0,0,0,0,0,0,0,6523.571,0,NA,0,NA,0,NA,0,4.005269307,0,24.05974676,9.534075086,20.7989876,0,0,8,0,0.037417387,21.04718099,20.99614387,18.04656894,0,2034319
Lebanon,2013,0,6,8,8.914357274,7438,0,0,0,NA,NA,NA,2487.56,46.14,4398.57,20322.04,24720.61,2533.7,21.65294652,21.63456815,17.64719081,3867890.06,24.51543306,9.036734938,21.71678634,0,0,NA,0,0.065505998,0,MEast,0,0,0,0,0,0,0,0,0,6983.571,0,NA,0,NA,0,NA,0,2.2,0,24.48922428,9.081136358,21.87339362,8.798605651,6625,6,0,0.046334575,21.26093396,21.24892293,16.83300432,0,4916404
Lesotho,2013,0,8,11,0,0,0,0,0,NA,NA,0,89.82,13.41,979.39,1684.45,2663.84,103.23,18.45247007,18.31331823,16.41151126,3867890.06,21.65243016,7.086749097,17.73607759,0,0,NA,0,0.002668897,1,Africa,0,0,0,0,0,0,0,0,0,11972.86,0,NA,0,NA,0,NA,0,5.901091561,9.956813154,21.70842684,7.155786671,17.85246318,0,0,8,0,0.002703737,18.41968024,18.36389873,15.50560637,0,2089928
Liberia,2013,0,6,7,0,0,0,0,0,NA,NA,18927176.68,2335.53,165.51,1394.17,13397.33,14791.5,2501.04,21.63997248,21.57150468,18.92454217,3867890.06,21.38929873,6.118366377,20.36697339,9.848354088,0,NA,0,0.06466161,1,Africa,0,0,0,0,0,0,0,0,0,12572.44,0,NA,0,NA,0,NA,0,7.99445127,11.22150093,21.27456139,6.028365735,20.28723842,0,0,6,1,0.100404977,22.03425728,21.97043605,19.25084698,0,4181563
Libya,2013,0,0,0,9.339173244,11375,0,918.32877,48.01,988,48.4,NA,2822.37,2019.5,42642.46,24184.82,66827.28,4841.87,22.30056685,21.76084279,21.42611579,3867890.06,NA,NA,20.36944396,0,12.72245282,12.79558005,16.67906196,0.125181169,1,Africa,0,0,0,0,0,0,0,0,0,8743.509,13.12012727,13.21909981,16.65992563,1509,1366.80328,48.5,47.1,NA,0,NA,NA,21.07743765,9.002701007,8125,0,0,0.237093612,22.89350055,21.59544584,22.57458583,0,6198258
Lithuania,2013,0,10,22,0,0,0,2,0.012,NA,NA,NA,1686.53,124.24,24780.24,31379.2,56159.44,1810.77,21.31701801,21.245939,18.63772574,3867890.06,24.56215124,9.662232458,20.37836537,0,6.593044534,NA,8.384804003,0.046815446,0,Europe,0,0,0,0,0,0,0,0,0,6567.348,6.593044534,NA,8.384804003,NA,2,NA,0.012,3.834901869,0,24.48092249,9.570883639,20.17099538,0,0,10,0,0.046568953,21.26597959,21.212876,18.30403456,0,2987773
Luxembourg,2013,1,10,68,5.521460918,250,0,0,0,NA,NA,NA,1807.98,256.61,20674.06,28088.43,48762.49,2064.59,21.4481975,21.31547604,19.36306798,3867890.06,24.84730153,11.64177416,23.45576513,0,0,NA,0,0.053377681,0,Europe,0,0,0,0,0,0,0,0,0,7964.416,0,NA,0,NA,0,NA,0,-0.35251936,0,24.76065129,11.57823569,25.68613209,0,0,10,1,0.060156921,21.52200201,21.39432588,19.40058457,0,530946
Macedonia,2013,0,9,11,6.43775165,625,0,0,0,NA,NA,NA,63.48,108.04,4783.69,5829.91,10613.6,171.52,18.96021044,17.96623545,18.49801209,3867890.06,23.10445064,8.558622848,19.81310207,0,0,NA,0,0.004434459,0,Europe,0,0,0,0,0,0,0,0,0,7531.092,0,NA,0,NA,0,NA,0,-0.456184412,0,23.00004594,8.455038914,19.63829384,5.743003188,312,9,0,0.006160406,19.24318813,18.30133399,18.7490488,0,2074036
Madagascar,2013,0,3,2,0,0,0,0,0,NA,NA,0,641.85,172.68,2145.99,3182.09,5328.08,814.53,20.51812182,20.27986519,18.96695073,3867890.06,23.08427934,6.1349653,20.15506804,0,0,NA,0,0.021058768,1,Africa,0,0,0,0,0,0,0,0,0,9676.325,0,NA,0,NA,0,NA,0,3.027508092,0,23.01779659,6.095613054,20.51316577,0,0,3,0,0.017758597,20.30191522,20.11059204,18.55398711,0,22346573
Malawi,2013,0,6,19,5.926926026,375,0,0,0,NA,NA,0,213.49,38.42,1140.49,1957.16,3097.65,251.91,19.34458244,19.17910055,17.46408872,3867890.06,22.43144476,5.807909141,19.92777715,0,0,NA,0,0.006512853,1,Africa,0,0,0,0,0,0,0,0,0,10394.82,0,NA,0,NA,0,NA,0,1.885799507,8.001315393,22.51975925,5.925596823,-15.99998776,0,0,6,0,0.008026498,19.50779384,19.33324454,17.67624027,0,16097305
Malaysia,2013,0,6,5,6.43775165,625,0,570.26027,4,645,3.8,NA,45933.8,60053.94,302638.2,225881.74,528519.94,105987.74,25.38658926,24.55046707,24.818509,3867890.06,26.50177489,9.294890912,23.14773919,0,12.24599022,12.36914767,14.19394699,2.740195258,0,Asia,0,0,1,1,1,1,3,0,0,4355.047,12.2724662,12.40866649,14.19394699,671,585.56011,3.7,4,5.474385463,0,26.4740681,9.285401128,22.9088422,6.33150185,562,6,0,2.564952359,25.27474069,24.32127813,24.78795019,0,29170456
Mali,2013,0,5,0,8.9226583,7500,0,0,0,NA,NA,469142992.1,274.52,153.67,2999.47,2961.24,5960.71,428.19,19.87507758,19.43053468,18.850318,3867890.06,23.27374553,6.656219858,19.54513422,13.05866289,0,NA,0,0.011070377,1,Africa,0,0,0,0,0,0,0,0,0,11841.6,0,NA,0,NA,0,NA,0,-0.836178866,11.73454468,23.24440379,6.655887724,19.80162391,9.017968479,8250,0,0,0.016815131,20.24732462,19.48670097,19.61738721,0,16006670
Mauritania,2013,0,-2,4,0,0,0,6.75041,0.02,NA,NA,271133109.4,597.15,1749.69,3489.53,4312.98,7802.51,2346.84,21.57633558,20.2076789,21.28270447,3867890.06,22.46797345,7.279717403,20.84194159,12.51036516,7.809500597,NA,8.895629627,0.060674941,1,Africa,0,0,0,0,0,0,0,0,0,11903.59,7.783488231,NA,8.895629627,NA,6.57708,NA,0.02,5.795078172,0,22.3768226,7.218384841,21.04975906,0,0,-2,0,0.052592142,21.38761223,19.940544,21.11939416,0,3830239
Mauritius,2013,0,10,45,0,0,0,0,0,NA,NA,28208810.24,648.5,12.15,2662.66,4355.1,7017.76,660.65,20.30873476,20.29017256,16.31283973,3867890.06,23.21891807,9.173365411,19.4968486,10.24738963,0,NA,0,0.017080372,1,Africa,0,0,0,0,0,0,0,0,0,9054.787,0,NA,0,NA,0,NA,0,3.496118338,9.018481942,23.18017464,9.136825967,20.19396782,0,0,10,0,0.017083068,20.26313333,20.2459717,16.18948565,0,1255882
Mexico,2013,0,8,16,7.536363938,1875,0,2561.85753,10.2639,2875,11.1,NA,28970.34,10271.07,400608.1,344341.37,744949.47,39241.41,24.3929984,24.08953838,23.05259704,3867890.06,27.8637044,9.239789232,24.58477132,0,13.74838523,13.86370531,15.13628552,1.014543056,0,America,1,1,1,1,1,1,3,0,0,12467.17,13.7602774,13.8761493,15.14551799,2911,2592.50546,11.4,10.3591,4.018173869,0,27.80211178,9.192230633,23.77067959,7.025538315,1125,8,1,0.992919252,24.32569485,24.03819847,22.93884319,0,120828307
Moldova,2013,0,9,22,5.521460918,250,0,0,0,NA,NA,NA,112.66,19.47,2521.02,6320.82,8841.84,132.13,18.69929684,18.53988499,16.78438538,3867890.06,22.80087442,7.716006204,19.48697643,0,0,NA,0,0.003416074,0,Europe,0,0,0,0,0,0,0,0,0,6742.606,0,NA,0,NA,0,NA,0,-0.700000153,0,22.70904025,7.623904271,19.45947225,0,0,9,0,0.003873732,18.77926387,18.63989659,16.73974683,0,3559519
Mongolia,2013,0,10,21,0,0,0,14.0515,NA,NA,NA,NA,2448.91,3497.49,4174.79,6265.53,10440.32,5946.4,22.50605183,21.61890886,21.97531141,3867890.06,23.2555428,8.386031413,21.44582762,0,8.542626505,NA,NA,0.153737565,0,Asia,1,1,1,1,1,0,0,0,1,1172.047,8.195911908,NA,NA,NA,9.93451,NA,NA,12.31981973,0,23.23227717,8.382079347,22.17545871,5.521460918,250,10,0,0.17839411,22.60904071,21.69879482,22.09416479,0,2814226
Montenegro,2013,0,9,7,0,0,0,0,0,NA,NA,NA,86.46,16.26,594.49,2591.54,3186.03,102.72,18.4475174,18.27519244,16.60421866,3867890.06,22.21936941,8.879949775,19.9169283,0,0,NA,0,0.002655711,0,Europe,0,0,0,0,0,0,0,0,NA,NA,0,NA,0,NA,0,NA,0,-2.723767869,0,22.1312543,8.79281066,20.24259317,0,0,9,0,0.00451137,18.93164636,18.79685435,16.86098492,0,620601
Morocco,2013,0,-4,48,6.214608098,500,0,0.5,0.00068,NA,NA,316087406.5,3269.8,533.75,23224.86,41383.46,64608.32,3803.55,22.05920068,21.90799466,20.09543812,3867890.06,25.3944639,8.042944689,21.93547759,12.66377406,5.206750173,NA,5.514234873,0.098336559,1,Africa,0,0,0,0,0,0,0,0,0,9951.105,5.206750173,NA,5.514234873,NA,0.5,NA,0.00068,3.009961262,0,25.31094704,7.974101481,21.76775781,6.907755279,1000,-4,0,0.099928102,22.02949645,21.86429565,20.14743936,0,33333789
Mozambique,2013,0,4,19,4.828313737,125,0,0,0,NA,NA,1269215798,1197.16,451.19,5326.4,11417.29,16743.69,1648.35,21.22304062,20.90321792,19.92739909,3867890.06,23.49703193,6.406856237,22.62498858,14.05390979,0,NA,0,0.042616258,1,Africa,0,0,0,0,0,0,0,0,0,11347.11,0,NA,0,NA,0,NA,0,7.198185826,13.3599096,23.39977573,6.338684864,22.45227943,0,0,5,0,0.036388939,21.01931035,20.66327164,19.81385141,0,25676606
Myanmar,2013,0,-3,2,9.624104283,15125,0,20,0.05,NA,NA,NA,7349.09,2809.66,10932.9,18774.55,29707.45,10158.75,23.04160124,22.71784233,21.75632932,3867890.06,24.81982219,7.063736237,21.53624017,0,8.895629627,NA,9.811920359,0.262643194,0,Asia,0,0,1,1,1,0,0,0,1,3234.079,8.895629627,NA,9.811920359,NA,20,NA,0.05,7.332670447,0,24.81311903,7.066047307,21.01133994,8.612503371,5500,-3,0,0.188755457,22.6654978,22.45933288,20.98510689,0,50986514
Namibia,2013,0,6,23,0,0,0,0,0,NA,NA,25355717.48,481.21,248.05,4073.63,7440.96,11514.59,729.26,20.40754088,19.99181432,19.3291409,3867890.06,23.26591979,8.610343169,20.56477449,10.14075953,0,NA,0,0.018854207,1,Africa,0,0,0,0,0,0,0,0,0,12372.95,0,NA,0,NA,0,NA,0,5.061682013,11.72316227,23.28946617,8.656851607,20.79768399,0,0,6,0,0.018383514,20.33649981,19.90023774,19.29677429,0,2263934
Nepal,2013,0,6,7,6.214608098,500,0,0,0,NA,NA,NA,2209.86,43.23,851.48,6803.58,7655.06,2253.09,21.53556844,21.516195,17.58204526,3867890.06,23.68187593,6.534685643,18.12288082,0,0,NA,0,0.058251139,0,Asia,1,0,0,1,0,0,0,0,1,3160.925,0,NA,0,NA,0,NA,0,4.781192258,0,23.65985906,6.524725487,18.33726226,6.620073207,750,6,0,0.054070672,21.41533744,21.40045638,17.20023975,0,27649925
Netherlands,2013,1,10,68,0,0,0,11.73699,0.24386,NA,NA,NA,60317.91,9787.31,610831.09,645096.61,1255927.7,70105.22,24.97326309,24.82289491,23.00435249,3867890.06,27.48793566,10.85078244,26.51836169,0,8.362642747,NA,11.39649164,1.812492571,0,Europe,0,0,0,0,0,0,0,0,0,7831.141,8.297792626,NA,11.56077233,NA,11,NA,0.2874,-1.057037404,0,27.44342183,10.80921682,26.2028831,6.533788838,688,10,1,1.830528729,24.93740563,24.79939941,22.88873942,0,16754962
New Zealand,2013,1,10,136,5.926926026,375,0,35.26575,0.0814,NA,NA,NA,4132.45,8251.51,40190.53,35317.11,75507.64,12383.96,23.23966792,22.14213629,22.83366205,3867890.06,25.97302901,10.66639121,-18.05712411,0,9.462809592,NA,10.29927263,0.320173526,0,Oceania,0,0,0,0,0,0,0,0,0,11041.03,9.615399995,NA,10.46528667,NA,41.07923,NA,0.0961,2.245965409,0,25.89484518,10.59589086,22.11060495,0,0,10,0,0.262053512,22.99359423,22.07818304,22.48218182,0,4408100
Nicaragua,2013,0,9,23,5.743003188,312,0,0,0,NA,NA,NA,523.23,91.8,5411.47,5654.04,11065.51,615.03,20.23718161,20.0755317,18.33512286,3867890.06,23.11961193,7.521425202,20.51931198,0,0,NA,0,0.015900917,0,America,0,0,0,0,0,0,0,1,0,13785.57,0,NA,0,NA,0,NA,0,6.496136471,0,23.07768419,7.491108824,20.45890959,5.521460918,250,9,1,0.015766925,20.18295991,19.9623108,18.56348154,1,5877108
Niger,2013,0,6,2,7.824046011,2500,0,20,0.15,NA,NA,145668859.5,184.38,15.88,1295.72,1415.91,2711.63,200.26,19.11512708,19.0325094,16.58057101,3867890.06,22.7603154,6.031021943,20.3935583,11.88909124,8.895629627,NA,10.91053265,0.0051775,1,Africa,0,0,0,0,0,0,0,0,0,11024.17,8.895629627,NA,NA,NA,20,NA,NA,11.81366328,10.1863363,22.66088595,5.970025112,20.56194604,0,0,6,0,0.005362817,19.10453488,18.89318125,17.44649603,0,17731634
Nigeria,2013,0,4,14,9.984514391,21688,0,2367.36986,37.2,2302,37.1,638740294.4,12045.3,1543.27,101901.5,49878.59,151780.09,13588.57,23.33249484,23.21194038,21.15716938,3867890.06,26.96736727,8.005355156,22.43938065,13.36725323,13.66943221,13.64143094,16.42396139,0.351317379,1,Africa,0,1,0,1,1,0,0,0,0,11466.06,13.73191153,13.68103586,16.42396139,2395,2520,37.1,37.2,4.279277314,13.99903978,26.85656374,7.921280806,22.67911701,10.34174248,31000,4,0,0.286172521,23.08164035,22.95409711,20.95924664,0,167297284
Norway,2013,1,10,68,0,0,0,1529.90137,5.366,1838,7,NA,2739,3483.55,152633.76,87557.31,240191.07,6222.55,22.55144563,21.73085873,21.97131773,3867890.06,26.98236193,11.54161433,-19.43331877,0,13.2328559,13.41633066,14.48773538,0.160877117,0,Europe,0,0,0,0,0,0,0,0,0,7031.006,13.28179726,13.4584141,14.47912594,1917,1606.63934,7.5,5.32,2.748817642,0,26.95709768,11.52844149,24.0141269,0,0,10,1,0.165128209,22.5317677,21.83292027,21.84428846,0,5018573
Oman,2013,0,-8,56,0,0,0,939.92235,5.5,942,5,NA,1900.3,20993.57,54068.32,34075.79,88144.11,22893.87,23.85413503,21.36527761,23.76748204,3867890.06,25.09193599,9.964994439,21.20100879,0,12.74569462,12.74790263,14.51240072,0.591895572,0,MEast,0,0,0,0,0,0,0,0,0,5658.039,12.72271363,12.72209474,14.51240072,918,918.56831,5.5,5.5,9.331575255,0,25.06303173,10.00491128,21.03414872,0,0,-8,0,0.507843737,23.6552193,21.31744867,23.55369295,0,3464644
Pakistan,2013,0,7,5,11.10495723,66500,0,80.8,0.24753,NA,NA,NA,11015.6,3207.07,24874.28,47956.38,72830.66,14222.67,23.37810301,23.12257829,21.88862358,3867890.06,26.16662928,7.14869243,21.01069788,0,10.29187432,NA,11.41142914,0.36771133,0,Asia,1,1,1,1,1,1,2,0,1,3882.877,10.17656347,NA,11.53700569,NA,72,NA,0.28065,3.50703342,0,26.13662302,7.139826038,20.57127948,9.656627475,15625,6,1,0.336146179,23.24259163,22.95102285,21.86786755,0,177911533
Panama,2013,0,9,24,0,0,0,0,0,NA,NA,NA,10985.02,44.08,9193.03,65092.65,74285.68,11029.1,23.12380307,23.11979836,17.60151672,3867890.06,24.52672742,9.366145097,22.17539475,0,0,NA,0,0.285145126,0,America,0,0,0,0,0,0,0,1,0,14352.56,0,NA,0,NA,0,NA,0,9.229952302,0,24.41101368,9.267649115,21.94170352,0,0,9,1,0.41558786,23.45473955,23.45127813,17.78693391,1,3772938
Papua New Guinea,2013,0,5,38,0,0,0,28.09315,0.15426,NA,NA,NA,553.17,800.29,6989.71,6253.24,13242.95,1353.46,21.02593011,20.13117593,20.50048472,3867890.06,23.45848777,7.615768217,16.71815339,0,9.235423128,NA,10.93853684,0.034992205,0,Oceania,0,0,0,0,0,0,0,0,0,6343.974,9.207904307,NA,11.10390404,NA,27.3306,NA,0.182,8.087543144,0,23.45708968,7.635940757,-17.97098716,7.536363938,1875,5,0,0.034736926,20.97284877,20.27668182,20.28271227,0,7430836
Paraguay,2013,0,9,21,7.13089883,1250,0,0,0,NA,NA,NA,1355.64,60.71,7654.67,10184.78,17839.45,1416.35,21.07134898,21.0275395,17.92161899,3867890.06,24.08938534,8.407357311,18.11957565,0,0,NA,0,0.036618156,0,America,0,0,0,0,0,0,0,1,0,18311.35,0,NA,0,NA,0,NA,0,-1.238968506,0,23.925822,8.257265767,20.42943155,7.74586823,2312,8,1,0.03745663,21.04822924,21.01302076,17.68420844,1,6379219
Peru,2013,0,9,12,4.828313737,125,0,62.8934,0.5792,104,1.6,NA,6185.93,8488.54,45351.02,39354.95,84705.97,14674.47,23.40937509,22.5455432,22.86198286,3867890.06,26.02765305,8.792263506,22.95304021,0,10.04133858,10.54428825,12.26154519,0.379392117,0,America,1,0,1,1,1,0,0,0,0,16666.29,10.09942442,10.57272619,12.26641935,107,66.6548,1.4,0.58203,6.139724706,0,25.98413571,8.762142896,23.20130619,4.828313737,125,9,1,0.373731636,23.34858349,22.39734664,22.86039475,0,30158966
Philippines,2013,0,8,26,8.541885804,5125,0,21,0.1385,NA,NA,NA,19834.18,18204.68,73646.68,101008.49,174655.17,38038.86,24.36187411,23.71067255,23.62494454,3867890.06,26.32846524,7.923090716,22.04164846,0,8.944419791,NA,10.83076768,0.983452461,0,Asia,0,0,0,0,0,0,0,0,0,2850.319,8.89535659,NA,10.83076768,NA,19.99454,NA,0.1385,6.683810237,0,26.24509506,7.856249295,21.89122232,8.589513853,5375,8,1,0.986487932,24.3191966,23.54296534,23.70275693,0,96866642
Poland,2013,1,10,22,6.533788838,688,0,19.22466,0.15652,NA,NA,NA,12583.06,2240.31,193060.81,216958.31,410019.12,14823.37,23.41947083,23.2556173,21.52988009,3867890.06,26.98516734,9.531013392,20.49385267,0,8.856091184,NA,10.95308115,0.383241762,0,Europe,1,1,0,1,1,0,0,0,0,6947.899,8.495274441,NA,10.94332247,NA,13.40164,NA,0.155,1.60663717,0,26.93856226,9.483804713,22.71905399,6.08221891,438,10,1,0.389292601,23.38937675,23.23984152,21.41531742,0,38063164
Portugal,2013,1,10,37,7.13089883,1250,0,0,0,NA,NA,NA,2506.82,1401.23,62143.77,76321.97,138465.74,3908.05,22.08630437,21.64228085,21.06061626,3867890.06,26.14412597,9.981315595,23.10326429,0,0,NA,0,0.101038291,0,Europe,0,0,1,1,1,0,0,0,0,9675.63,0,NA,0,NA,0,NA,0,-4.028256714,0,26.10024732,9.931948793,23.81324514,7.393263095,1625,10,1,0.108797657,22.1145353,21.6404202,21.14052117,0,10514844
Qatar,2013,0,-10,42,0,0,0,1553,25.38,1998,25.1,NA,1709.96,8426.24,129860.29,25390.18,155250.47,10136.2,23.03937901,21.25973582,22.85461648,3867890.06,26.01520162,11.38855065,-20.54937022,0,13.24784118,13.49979931,16.04161409,0.262060189,0,MEast,0,0,0,0,0,0,0,0,0,6164.891,13.2468132,13.48467043,16.04161409,1968,1551.40437,25.2,25.38,4.687259177,0,25.95348377,11.39149003,19.79661947,0,0,-10,0,0.229083623,22.85913261,20.90972051,22.7055644,0,2109568
Romania,2013,0,9,17,6.907755279,1000,0,84.99242,0.6,86,0.6,NA,2822.96,1209.99,62570.56,71595.81,134166.37,4032.95,22.11776396,21.76105182,20.91387793,3867890.06,25.97840962,9.167982469,22.07258999,0,10.34245943,10.35424465,12.29682701,0.104267441,0,Europe,1,0,0,1,0,1,4,0,0,7068.477,10.33487477,10.31873796,12.29682701,83,84.35022,0.6,0.6,0.640965688,0,25.86880864,9.054668256,21.83761029,8.229511119,3750,9,0,0.102220188,22.0521747,21.75184543,20.70288965,0,20058035
Russia,2013,0,4,13,9.339173244,11375,0,10053.84384,80,10777,105,NA,49607.59,39565.19,540812.83,321405.25,862218.08,89172.78,25.21384167,24.62740968,24.40121553,3867890.06,28.43330293,9.651409181,24.96053964,0,15.11560767,15.18506687,17.18967927,2.30546315,0,Europe,1,1,1,1,1,1,3,0,1,5795.045,15.10236777,15.17227312,16.90199719,10640,9921.60929,105.5,60,3.517941865,0,28.40581447,9.626049951,24.64697153,9.537843939,13875,4,0,2.382353249,25.20088954,24.50911727,24.50636556,0,143201676
Rwanda,2013,0,-3,19,0,0,0,0,0,NA,NA,18521519.83,134.07,108.64,472.55,1311.07,1783.62,242.71,19.30737787,18.71387261,18.50355022,3867890.06,22.7543737,6.535062526,19.36708321,9.826688569,0,NA,0,0.006274997,1,Africa,0,0,0,0,0,0,0,0,0,9845.182,0,NA,0,NA,0,NA,0,8.840026924,12.06725694,22.71328886,6.519264829,18.88952686,0,0,-4,0,0.004361433,18.89784617,18.31198133,18.08450846,0,10788853
Saudi Arabia,2013,0,-10,87,4.828313737,125,0,9693.15068,267.91,11393,265.9,NA,18734.2,53499.28,379079.06,160776.88,539855.94,72233.48,25.00316949,23.65361657,24.70293403,3867890.06,27.33885852,10.1240031,22.90534218,0,15.07907215,15.24065176,18.39830374,1.867516369,0,MEast,0,0,0,0,0,0,0,0,0,6605.185,15.0933278,15.26167043,18.39497619,11635,9832.3224,265.9,267.02,5.411444902,0,27.32446177,10.13868198,23.22325594,6.69950034,812,-10,0,1.986431486,25.01914059,23.6383985,24.72960089,0,29086357
Senegal,2013,0,7,13,0,0,0,0,0,NA,NA,0,988.13,39.73,2717.97,8688.42,11406.39,1027.86,20.75074481,20.71132483,17.49761713,3867890.06,23.4186345,6.95550905,19.55619784,0,0,NA,0,0.026574178,1,Africa,0,0,0,0,0,0,0,0,0,12312.88,0,NA,0,NA,0,NA,0,4.411180285,0,23.37667607,6.943513291,19.43654647,7.17930797,1312,7,0,0.022908958,20.55657351,20.49412936,17.75203103,0,13703513
Serbia,2013,0,8,7,4.828313737,125,0,16.49589,0.0775,NA,NA,NA,431.53,180.79,14261.42,17162.11,31423.53,612.32,20.23276558,19.88284759,19.01284669,3867890.06,24.54140996,8.75681249,21.44582727,0,8.703008613,NA,10.25017529,0.015830853,0,Europe,0,1,0,1,1,0,0,0,NA,NA,8.607765538,NA,10.25017529,NA,14.99727,NA,0.0775,-1.015270388,0,24.43053304,8.641069661,20.96707486,0,0,8,0,0.013860236,20.05406953,19.83915184,18.41103437,0,7199077
Sierra Leone,2013,0,7,11,0,0,0,0,0,NA,NA,31287718,151.39,1432.16,1846.49,1453.82,3300.31,1583.55,21.182935,18.83536985,21.08244963,3867890.06,22.31664412,6.566417404,19.87854019,10.3509809,0,NA,0,0.040940926,1,Africa,0,0,0,0,0,0,0,0,0,12570.8,0,NA,0,NA,0,NA,0,15.18176908,10.08726325,22.05875694,6.331321093,20.39815496,0,0,7,0,0.020476948,20.44434527,19.33593093,20.04374539,0,6766103
Singapore,2013,0,-2,48,5.521460918,250,0,0,0,NA,NA,NA,45610.69,29861.85,258349.31,347891.91,606241.22,75472.54,25.04703472,24.54340796,24.11984758,3867890.06,26.43538238,10.93362807,24.89278849,0,0,NA,0,1.951258666,0,Asia,0,0,0,0,0,0,0,0,0,4484.657,0,NA,0,NA,0,NA,0,3.871461938,0,26.39025333,10.9046921,24.75283447,4.828313737,125,-2,0,1.860683376,24.95374461,24.42014223,24.07067488,0,5312437
Slovak Republic,2013,1,10,20,0,0,0,NA,NA,NA,NA,NA,3084.57,3453.58,80284.24,79888.36,160172.6,6538.15,22.60092009,21.8496781,21.96267721,3867890.06,25.31310256,9.808715931,20.7270689,0,NA,NA,NA,0.169036604,0,Europe,0,0,0,0,0,0,0,0,NA,NA,NA,NA,NA,NA,NA,NA,NA,1.657148687,0,25.26030699,9.756994942,21.29805391,0,0,10,0,0.164491654,22.52790533,21.60823101,22.0193291,0,5407579
Slovenia,2013,1,10,22,5.743003188,312,0,0.005,0,NA,NA,NA,1833.18,302.92,30018.04,30824.62,60842.66,2136.1,21.48224757,21.329318,19.5289793,3867890.06,24.58795752,10.0497638,18.45968257,0,0.601579987,NA,0,0.055226492,0,Europe,0,0,0,0,0,0,0,0,0,7722.639,0.601579987,NA,0,NA,0.005,NA,0,-2.689413589,0,24.55750561,10.02066915,17.32849042,4.828313737,125,10,0,0.049377971,21.32454989,21.17343659,19.36021914,0,2057159
Solomon Islands,2013,0,8,9,0,0,0,0,0,NA,NA,NA,36.75,404.51,674.69,460.97,1135.66,441.26,19.90514483,17.41964878,19.81818702,3867890.06,20.78124712,7.539301433,17.79396438,0,0,NA,0,0.011408287,0,Oceania,0,0,0,0,0,0,0,0,0,7089.695,0,NA,0,NA,0,NA,0,4.660611855,0,20.74808047,7.527627146,16.98861463,0,0,8,0,0.011218477,19.84260766,17.42128011,19.74961079,0,551531
Somalia,2013,0,5,1,9.13905917,9312,0,0,0,NA,NA,0,133.46,16.27,678.69,1919.33,2598.02,149.73,18.82434423,18.70931237,16.60483348,3867890.06,22.40073616,6.010147026,19.91582951,0,0,NA,0,0.003871103,1,Africa,0,0,0,0,0,0,0,0,NA,NA,0,NA,0,NA,0,NA,0,NA,0,NA,NA,18.49141876,8.383661799,4375,5,0,0.002824985,18.46354864,18.43339952,14.94691267,0,12763776
South Africa,2013,0,9,19,6.967909202,1062,0,3.58082,0.015,NA,NA,5214098257,16832.72,48313.95,142686.03,115979.92,258665.95,65146.67,24.89990703,23.54659045,24.60098618,3867890.06,26.62760225,8.835931074,22.83135786,15.46687672,7.175489178,NA,8.607947555,1.68429477,1,Africa,0,1,1,1,1,1,5,0,0,12967.77,7.264091801,NA,8.607947555,NA,3.91257,NA,0.015,2.213258978,0,26.70550741,8.929059594,22.2549647,7.569411792,1938,9,0,1.622507999,24.81677388,23.45336255,24.52134627,0,52506515.08
South Sudan,2013,0,0,0,8.634976227,5625,0,NA,NA,99,3.5,230463142.9,75.18,2453.44,2459.39,271.43,2730.82,2528.62,21.65093954,18.1353958,21.62075696,3867890.06,23.3078395,7.07842701,-20.49133378,12.34784623,NA,10.4950172,NA,0.065374661,1,Africa,0,0,0,0,0,0,0,0,NA,NA,NA,9.333884558,NA,31,NA,3.5,NA,-46.08212237,0,23.06206844,6.865322622,18.89691492,0,0,0,0,0.000462802,16.65458902,16.65458902,#NAME?,0,10818258
Spain,2013,1,10,35,8.339978572,4188,0,7.33699,0.15,NA,NA,NA,18933.86,5999.84,290919.62,323953.08,614872.7,24933.7,23.93948614,23.66421769,22.51499864,3867890.06,27.93981075,10.28226959,24.68002682,0,7.89282603,NA,10.91053265,0.64463311,0,Europe,0,0,1,1,1,0,0,0,0,9232.299,6.999419228,NA,10.91053265,NA,3.00273,NA,0.15,-2.929811429,0,27.92066056,10.25984271,23.93874225,8.798605651,6625,10,1,0.665147349,23.9250541,23.6271021,22.56895146,0,46773055
Sri Lanka,2013,0,4,65,5.743003188,312,0,0,0,NA,NA,NA,3437.27,182.35,10089.2,18913.33,29002.53,3619.62,22.00963488,21.95794339,19.02143848,3867890.06,25.03161642,8.191543207,20.65343474,0,0,NA,0,0.093581253,0,Asia,1,1,0,1,1,0,0,0,0,5171.491,0,NA,0,NA,0,NA,0,9.144579388,0,24.94914145,8.116871247,20.66257759,5.743003188,312,4,0,0.085831593,21.87743266,21.8250564,18.90205696,0,20425000
Suriname,2013,0,5,22,0,0,0,15,0.0768,NA,NA,NA,173,27.96,2459.34,1920.18,4379.52,200.96,19.11861644,18.96880215,17.14628548,3867890.06,22.36143844,9.157421346,19.04536186,0,8.607947555,NA,10.24110199,0.005195598,0,America,0,0,0,0,0,0,0,0,0,14866.92,8.662014565,NA,10.17656347,NA,15.83333,NA,0.072,2.690350057,0,22.32869573,9.134798976,18.94802234,0,0,5,1,0.00575498,19.17511115,19.05815664,16.97123357,0,537077
Swaziland,2013,0,-9,40,0,0,0,0,0,NA,NA,NA,24.8,115.51,2287.53,1753.59,4041.12,140.31,18.75936482,17.02635421,18.56486766,3867890.06,22.24400287,8.188329608,17.19794311,0,0,NA,0,0.003627559,1,Africa,0,0,0,0,0,0,0,1,0,11485.86,0,NA,0,NA,0,NA,0,4.735783817,0,22.29339779,8.256218363,18.31220583,5.521460918,250,-9,0,0.003491312,18.67532296,17.17414833,18.42317762,1,1248158
Sweden,2013,1,10,96,5.743003188,312,0,0,0,NA,NA,NA,6799.07,6973.03,172388.84,151308.05,323696.89,13772.1,23.34591064,22.64005168,22.66531569,3867890.06,27.08412262,11.00680949,21.15748525,0,0,NA,0,0.356062344,0,Europe,0,0,0,0,0,0,0,0,0,6713.787,0,NA,0,NA,0,NA,0,-0.286320615,0,27.02199566,10.95315601,22.17570638,0,0,10,0,0.36121136,23.31450878,22.58357297,22.65777409,0,9519374
Switzerland,2013,1,10,165,0,0,0,0,0,NA,NA,NA,3530.02,56124.99,342440.18,318123.46,660563.64,59655.01,24.81184397,21.98456937,24.750847,3867890.06,27.25244382,11.34638538,-23.93919596,0,0,NA,0,1.542314003,0,Europe,0,0,0,0,0,1,3,0,0,8084.264,0,NA,0,NA,0,NA,0,1.048102636,0,27.22313415,11.32857451,24.41073165,0,0,10,0,0.714194592,23.99620097,21.97829481,23.85356135,0,7996861
Syria,2013,0,-9,1,10.8673868,52438,0,58.04384,2.5,59,2.5,NA,689.02,4.7,1727.49,6374.99,8102.48,693.72,20.35757898,20.35078086,15.36307307,3867890.06,NA,NA,NA,0,9.961095941,9.977434797,13.72394336,0.01793536,0,MEast,0,0,0,0,0,0,0,0,0,6940.429,10.87821267,11.04156091,13.72394336,171,145.22951,2.5,2.5,NA,0,NA,NA,NA,9.259130536,10500,-9,0,0.032486248,20.90586236,20.89673163,16.20519036,0,20420701
Tajikistan,2013,0,-3,15,0,0,0,0.206,0.012,NA,NA,NA,1869.86,88.73,965.24,4498.96,5464.2,1958.59,21.39549066,21.3491294,18.30110861,3867890.06,22.86411696,6.947182137,18.64767949,0,4.320018243,NA,8.384804003,0.050637168,0,Asia,0,1,0,1,1,0,0,0,1,4052.918,4.356949182,NA,8.384804003,NA,0.21375,NA,0.012,7.499999169,0,22.75575331,6.861418654,19.29342724,7.13089883,1250,-3,0,0.050258106,21.34221735,21.28192116,18.5037343,0,7995062
Tanzania,2013,0,-1,18,0,0,0,0,0,NA,NA,1153253328,3139.74,559.73,5371.18,13544.36,18915.54,3699.47,22.0314554,21.86740583,20.14296508,3867890.06,24.51500545,6.804316727,21.45911867,13.95809749,0,NA,0,0.095645686,1,Africa,0,0,0,0,0,1,2,0,0,9422.745,0,NA,0,NA,0,NA,0,5.141013621,14.32855861,24.38907491,6.709494919,21.31085589,5.743003188,312,-1,0,0.066915451,21.6284754,21.46080304,19.76006692,0,49082997
Thailand,2013,0,7,2,8.720134035,6125,0,240.63985,0.45327,459,0.5,NA,32733.58,38107.06,237287.76,225765.65,463053.41,70840.64,24.98369868,24.2116673,24.3636654,3867890.06,26.76477866,8.727658706,23.49184407,0,11.38319877,12.02894756,12.01638533,1.831506038,0,Asia,0,0,1,1,1,1,3,0,0,3303.891,11.37475304,12.00692024,11.99120724,449,238.61603,0.4,0.442,7.242967294,0,26.70861168,8.675890484,23.28041842,7.35372233,1562,7,0,1.885814595,24.96716066,24.16441604,24.37277693,0,67843979
Togo,2013,0,-2,20,0,0,0,0,0,NA,NA,0,2442.87,118.19,2774.51,10040.97,12815.48,2561.06,21.66368707,21.61643941,18.58780406,3867890.06,22.12959054,6.362053154,19.02798169,0,0,NA,0,0.066213361,1,Africa,0,0,0,0,0,0,0,0,0,11656.86,0,NA,0,NA,0,NA,0,4.820343516,9.60806738,22.07564592,6.334503434,18.61557721,5.743003188,312,-2,0,0.093874059,21.96699959,21.94225335,18.25557022,0,6859482
Trinidad and Tobago,2013,0,10,51,0,0,0,81.27825,0.7283,116,0.8,NA,320.73,125.24,19499.76,7055.32,26555.08,445.97,19.91576224,19.58611021,18.64574245,3867890.06,23.99800093,9.8836844,-20.84938915,0,10.29777581,10.65348754,12.4906104,0.011530059,0,America,0,0,0,0,0,1,3,0,0,14403.7,10.30337758,10.6873891,12.4906104,120,81.73483,0.8,0.7283,1.29397895,0,23.96952974,9.860165195,-21.36038952,0,0,10,1,0.012201457,19.92660089,19.56014703,18.7450804,0,1341588
Tunisia,2013,0,NA,0,8.740336743,6250,0,60.14795,0.425,61,0.4,41721515.48,1261.08,176.75,17184.33,23677.12,40861.45,1437.83,21.08640087,20.95523433,18.99024686,3867890.06,24.55744208,8.342713666,20.78023445,10.63877223,9.996704714,10.01077122,11.95198652,0.037173497,1,Africa,0,0,0,0,0,0,0,0,0,8646.589,10.04769342,10.10458997,11.95198652,67,63.29435,0.4,0.425,3.997666079,10.61611451,24.53090956,8.327860076,21.16427126,7.467371067,1750,NA,0,0.042498463,21.17451342,21.05459631,18.99419944,0,10886668
Turkey,2013,0,9,30,9.235032985,10250,0,46.24384,0.27043,NA,NA,NA,17753.91,4495.15,156197.5,232399.75,388597.25,22249.06,23.8255656,23.59987161,22.22626487,3867890.06,27.58035462,9.43691289,23.28018302,0,9.733825619,NA,11.49991064,0.575224726,0,MEast,0,0,0,0,0,0,0,0,0,7064.197,9.701141412,NA,11.49991064,NA,44.75683,NA,0.27043,4.789940207,0,27.49632544,9.369078379,23.33539234,8.979416633,7938,9,1,0.517237531,23.67354771,23.46988462,21.98215571,0,74569867
Turkmenistan,2013,0,-8,22,0,0,0,228.47945,0.6,231,0.6,NA,1141.93,8893.09,11610.38,7587.03,19197.41,10035.02,23.02934681,20.85598565,22.90854041,3867890.06,24.39187993,8.896234995,22.04026264,0,11.33134363,11.34231506,12.29682701,0.259444292,0,Asia,0,1,0,1,1,1,2,0,0,4939.987,11.27271881,11.30257474,12.29682701,222,215.46995,0.6,0.6,11.09999996,0,24.28329466,8.806163876,21.86417775,0,0,-9,0,0.263115791,22.99763971,21.25374114,22.80546482,0,5267839
UAE,2013,0,-8,42,7.536363938,1875,0,2820,97.8,3648,97.8,NA,33397.05,12724.48,253899.11,248369.42,502268.53,46121.53,24.55454571,24.23173341,23.26679353,3867890.06,26.69050759,10.67707681,22.9736088,0,13.84438952,14.1018317,17.39057721,1.192420914,0,MEast,0,1,0,1,1,0,0,0,0,5966.427,13.83855928,14.03319121,17.39057721,3406,2803.60656,97.8,97.8,5.104679427,0,26.64970634,10.64809361,22.90123652,0,0,-8,0,1.093224903,24.42193274,24.11020099,23.10450036,0,8900453
Uganda,2013,0,-1,8,0,0,0,0,2.5,NA,NA,8416623.498,452.55,71.92,1873.52,3851.82,5725.34,524.47,20.07789879,19.93040881,18.09106495,3867890.06,23.93729208,6.496008921,20.81493303,9.037964017,0,NA,13.72394336,0.013559589,1,Africa,0,0,0,0,0,0,0,0,0,9468.473,0,NA,12.80765263,NA,0,NA,1,3.85329199,9.786343557,23.88095045,6.473434946,20.91006775,6.214608098,500,-1,0,0.01454253,20.10212299,20.0195025,17.56759953,0,36306796
Ukraine,2013,0,6,22,7.772752716,2375,0,43.21175,0.395,NA,NA,NA,7841.64,3275.2,68387.81,81998.31,150386.12,11116.84,23.13172691,22.78271383,21.90964477,3867890.06,25.93444534,8.301451058,22.22934124,0,9.666009803,NA,11.87878312,0.287413547,0,Europe,1,1,0,1,1,0,0,0,0,6460.799,9.720433162,NA,11.87878312,NA,45.62865,NA,0.395,0.238681306,0,25.8925069,8.257235562,22.82434655,6.43775165,625,6,0,0.279815086,23.05917448,22.71429957,21.82711439,0,45593300
United Kingdom,2013,1,10,133,8.979416633,7938,0,20.85322,3.12228,867,3,NA,50939.34,18983.16,524633.17,671384.85,1196018.02,69922.5,24.97065332,24.65390135,23.66681811,3867890.06,28.63147264,10.65507747,24.72097422,0,8.937405726,12.66493633,13.94621614,1.807768549,0,Europe,1,0,1,1,1,0,0,0,0,8151.353,8.791983752,12.75530615,13.84702434,949,18.03089,3,2.82744,1.313018598,0,28.60407118,10.63437135,24.56809699,6.907755279,1000,10,1,1.707419943,24.86778421,24.5579578,23.54512437,0,63700300
United States,2013,1,10,204,8.930890984,7562,0,7441.49041,33.403,10069,48.5,NA,369006.71,146979.15,1519252.29,2176708.38,3695960.67,515985.86,26.9693452,26.63408067,25.71355658,3867890.06,30.44592174,10.87402074,26.34720392,0,14.81472379,15.11711403,16.31629835,13.34024111,0,America,0,1,0,1,1,0,0,0,0,10993.68,14.67894648,14.99415325,16.17322284,8904,6496.69672,44.2,28.95,2.224030854,0,30.4132665,10.84836812,26.21637255,8.853665428,7000,10,0,13.02278682,26.89950144,26.58842876,25.58026506,0,313998379
Uruguay,2013,0,10,28,0,0,0,0,0,NA,NA,NA,2324.5,2465.24,11242.55,14514.77,25757.32,4789.74,22.28974197,21.5667708,21.625555,3867890.06,24.77559383,9.733956192,21.8351733,0,0,NA,0,0.123833406,0,America,0,0,0,0,0,0,0,0,0,19175.59,0,NA,0,NA,0,NA,0,3.538178707,0,24.6602622,9.6219246,21.6668662,0,0,10,1,0.117449073,22.19105032,21.60391281,21.37930806,0,3396777
Uzbekistan,2013,0,-9,22,0,0,0,70,0.594,68,0.6,NA,2613.56,1918.46,8379.03,12550.09,20929.12,4532.02,22.23443359,21.68397911,21.37478862,3867890.06,24.77835755,7.553575622,20.25942876,0,10.1483926,10.11940506,12.28677667,0.117170342,0,Asia,1,1,0,1,1,1,3,0,0,3943.621,10.09351846,10.11940506,12.28677667,68,66.2623,0.6,0.594,8.200000001,0,24.67107237,7.461909493,20.14886123,0,0,-9,0,0.07781565,21.77938807,21.30209024,20.81059883,0,29774500
Venezuela,2013,0,4,0,7.22620901,1375,0,2500,297.57,2687,298.3,NA,6062.8,13121.89,79301.12,47002.43,126303.55,19184.69,23.6773784,22.52543758,23.29754766,3867890.06,26.63948488,9.412237738,21.48640539,0,13.72394336,13.79607796,18.50330212,0.495998844,0,America,0,1,0,1,1,0,0,0,0,14402.5,13.72394336,13.80238479,18.16031613,2704,2500,297.7,211.17,5.625956975,0,26.66681621,9.453678637,22.32989982,6.620073207,750,-3,1,0.643421107,23.89184492,22.95791357,23.39260917,0,29893080
Vietnam,2013,0,-7,59,0,0,0,337.18082,4.4,350,4.4,NA,48598.08,16885.78,150014.85,155787.93,305802.78,65483.86,24.90506954,24.60684986,23.54973768,3867890.06,25.86622694,7.553582514,22.90931711,0,11.7205167,11.75783051,14.28925717,1.693012443,0,Asia,0,0,1,1,1,1,3,0,1,2330.799,11.74940321,11.75209983,14.28925717,348,347.06284,4.4,4.4,5.247367156,0,25.77196734,7.469966538,22.84768074,0,0,-7,0,1.365523384,24.64433857,24.25620672,23.51013153,0,88809200
Yemen,2013,0,3,1,8.971448464,7875,0,130.69863,3,150,3,NA,2133.13,3059.99,9903.43,14272.79,24176.22,5193.12,22.37060051,21.48085622,21.84167748,3867890.06,24.42247262,7.365295057,-18.71014295,0,10.77279149,10.91053265,13.90626492,0.134262348,0,MEast,0,0,0,0,0,0,0,0,0,7417.418,11.02817807,11.14692143,13.90626492,190,168.72678,3,3,2.392990209,0,24.29001551,7.259236863,-16.47150847,8.411832676,4500,3,0,0.150178088,22.43686735,21.39334396,22.0026763,0,24909969
Zambia,2013,0,7,12,0,0,0,0,0,NA,NA,588611261.9,729.51,3110.14,9666.14,7786.57,17452.71,3839.65,22.06864705,20.40788363,21.85793358,3867890.06,24.05709262,7.523369669,21.46510794,13.28552125,0,NA,0,0.099269885,1,Africa,0,0,0,0,0,0,0,0,0,10960.79,0,NA,0,NA,0,NA,0,7.597616969,9.966666037,23.96207646,7.458722699,21.27225392,0,0,7,0,0.091605519,21.94253702,20.36109008,21.71227157,0,14699937
Zimbabwe,2013,0,4,0,5.521460918,250,0,0,0,NA,NA,1433413205,413.33,688.44,2883.51,4410.3,7293.81,1101.77,20.82018381,19.83975686,20.34993873,3867890.06,23.44610802,6.918920116,19.73722302,14.17556902,0,NA,0,0.028485039,1,Africa,0,0,0,0,0,0,0,0,0,10898.12,0,NA,0,NA,0,NA,0,13.60917016,13.82749128,23.36648438,6.862390132,19.67301505,0,0,1,0,0.027472291,20.73822341,19.88038819,20.18643841,0,14710826